-- MySQL dump 10.13  Distrib 5.7.34, for Linux (x86_64)
--
-- Host: 127.0.0.1    Database: document
-- ------------------------------------------------------
-- Server version	8.0.25

/*!40101 SET @OLD_CHARACTER_SET_CLIENT=@@CHARACTER_SET_CLIENT */;
/*!40101 SET @OLD_CHARACTER_SET_RESULTS=@@CHARACTER_SET_RESULTS */;
/*!40101 SET @OLD_COLLATION_CONNECTION=@@COLLATION_CONNECTION */;
/*!40101 SET NAMES utf8 */;
/*!40103 SET @OLD_TIME_ZONE=@@TIME_ZONE */;
/*!40103 SET TIME_ZONE='+00:00' */;
/*!40014 SET @OLD_UNIQUE_CHECKS=@@UNIQUE_CHECKS, UNIQUE_CHECKS=0 */;
/*!40014 SET @OLD_FOREIGN_KEY_CHECKS=@@FOREIGN_KEY_CHECKS, FOREIGN_KEY_CHECKS=0 */;
/*!40101 SET @OLD_SQL_MODE=@@SQL_MODE, SQL_MODE='NO_AUTO_VALUE_ON_ZERO' */;
/*!40111 SET @OLD_SQL_NOTES=@@SQL_NOTES, SQL_NOTES=0 */;

--
-- Table structure for table `article`
--
create database if not exists document default charset utf8mb4 collate utf8mb4_unicode_ci;
use document;
DROP TABLE IF EXISTS `article`;
/*!40101 SET @saved_cs_client     = @@character_set_client */;
/*!40101 SET character_set_client = utf8 */;
CREATE TABLE `article` (
  `id` int NOT NULL AUTO_INCREMENT COMMENT 'id',
  `title` varchar(50) CHARACTER SET utf8mb4 COLLATE utf8mb4_unicode_ci NOT NULL DEFAULT '' COMMENT '博客标题 (无默认值)',
  `summary` varchar(200) CHARACTER SET utf8mb4 COLLATE utf8mb4_unicode_ci DEFAULT '' COMMENT 'summary',
  `create_time` bigint NOT NULL DEFAULT '-1' COMMENT '发布日期 (无默认值)',
  `update_time` bigint NOT NULL COMMENT '更新文章日期',
  `read` int DEFAULT '-1' COMMENT '查看次数 (无默认值)',
  `reply` int DEFAULT '-1' COMMENT '回复次数 (无默认值)',
  `category_id` int DEFAULT '-1' COMMENT '博客类型 (无默认值)',
  `keyword` varchar(50) CHARACTER SET utf8mb4 COLLATE utf8mb4_unicode_ci DEFAULT '' COMMENT '关键字 空格隔开 (无默认值)',
  `images` varchar(50) CHARACTER SET utf8mb4 COLLATE utf8mb4_unicode_ci DEFAULT '' COMMENT 'images图片封面',
  `type` varchar(2) CHARACTER SET utf8mb4 COLLATE utf8mb4_unicode_ci DEFAULT '原创' COMMENT '类型: 原创，转载',
  `publish` tinyint DEFAULT NULL COMMENT '发布形式,0 公开，1私密，2，其他',
  `is_del` tinyint DEFAULT '0' COMMENT '是否删除0正常 1删除',
  `status` tinyint(1) DEFAULT NULL COMMENT '状态',
  `is_top` tinyint(1) unsigned zerofill DEFAULT '0' COMMENT '默认0，1置顶',
  `word_total` varchar(10) CHARACTER SET utf8mb4 COLLATE utf8mb4_unicode_ci DEFAULT '' COMMENT '字数',
  `read_time` varchar(10) CHARACTER SET utf8mb4 COLLATE utf8mb4_unicode_ci DEFAULT '' COMMENT '字数',
  PRIMARY KEY (`id`) USING BTREE,
  UNIQUE KEY `id` (`id`) USING BTREE
) ENGINE=InnoDB AUTO_INCREMENT=257 DEFAULT CHARSET=utf8mb4 COLLATE=utf8mb4_unicode_ci COMMENT='blog';
/*!40101 SET character_set_client = @saved_cs_client */;

--
-- Dumping data for table `article`
--

LOCK TABLES `article` WRITE;
/*!40000 ALTER TABLE `article` DISABLE KEYS */;
INSERT INTO `article` VALUES (224,'java 日期工具类','```java\n\nimport java.time.*;\nimport java.time.format.DateTimeFormatter;\nimport java.time.temporal.ChronoUnit;\nimport java.util.Date;\n\n/**\n * \n * @ 日期 2020-03-12 1:21\n */\npublic class DateUtil {\n    pu',1591520801,1595432954,14,0,5,'java','','原创',0,0,0,1,'709','4'),(228,'Java实现图片等比例缩略图','# 目录\n@[TOC](目录)\n# 实现缩略图\n\n在web开发过程中，需要对图片进行缩小，降低系统资源的压力，这样做可以提升程序的性能，和执行效率\n\n\n## 实现方式\n- 使用java jwt类库\n- BufferedImage \n- ImageIO\n## 代码\n```java\npublic class ThumbnailUtil {\n\n    private static final int W',1592111522,1595432937,22,0,1,'图片压缩','','原创',NULL,0,0,1,'277','1'),(229,'SpringBoot中 Jackson 序列化 BigDecimal 精度问题','',1592112254,1593569179,15,0,1,'序列化','','原创',NULL,0,0,1,'',''),(230,'sql 存储过程插入输入','',1592658299,1592658299,9,-1,2,'mysql','','原创',NULL,0,0,0,'',''),(235,'双色球随机生成','# 规则\n\n\n\n```java\n  public static void main(String[] args) {\n        System.out.println(ball(5000000));\n    }\n\n    public static List<String> ball(int length) {\n        int max = 33;\n        int min = 1',1593756868,1595432948,32,0,8,'随机数','','原创',NULL,0,0,1,'333','2'),(236,'jackson 序列化工具','```java\npublic class JSON {\n    private final static ObjectMapper mapper = new ObjectMapper();\n\n    static {\n\n        // 美化输出\n        //  mapper.enable(SerializationFeature.INDENT_OUTPUT);\n        // ',1593768017,1595432926,23,0,1,'jackson','','原创',NULL,0,0,1,'388','2'),(237,'nginx 支持vue history 模式','',1594124354,1594124354,3,-1,8,'nginx,vue','','原创',NULL,0,0,0,'',''),(238,'github 和gitee 第三方登录 实现过程','# 首先\n现在很多站点都支持第三方登录功能， 如何实现第三方登录，做以下记录：\n首先有一个GitHub账号\n## 登录Github \n\n - 点击 setting\n\n\n![在这里插入图片描述](https://img-blog.csdnimg.cn/20191204112325530.png)\n- 点击开发者设置\n![在这里插入图片描述](https://img-blog.csdnimg.cn/2',1594561659,1595252645,52,0,1,'gitee,github','','原创',NULL,0,0,1,'1203','6'),(239,'springBoot中配置mybatis的二级缓存（注解版）','\n# 起步\n首先，我们需要初始化我们的Spring-Boot工程，必要添加的pom\n\n```xml\n<?xml version=\"1.0\" encoding=\"UTF-8\"?>\n<project xmlns=\"http://maven.apache.org/POM/4.0.0\" xmlns:xsi=\"http://www.w3.org/2001/XMLSchema-instance\"\n      ',1594561721,1595345689,8,0,3,'mybatis','','原创',NULL,0,0,0,'1424','8'),(240,'Springboot集成Swagger2显示字段属性说明','# 新建spring boot工程\n## 添加依赖\n```xml\n	<dependency>\n            <groupId>io.springfox</groupId>\n            <artifactId>springfox-swagger2</artifactId>\n            <version>2.9.2</version>\n        </depend',1594561847,1595345705,7,0,1,'swagger','','原创',NULL,0,0,0,'1269','6'),(241,'jackson工具类','',1594562042,1594562042,4,-1,1,'jackson','','原创',NULL,0,0,0,'',''),(242,'golang gin 跨域处理','```go\n\npackage handler\n\nimport (\n	\"github.com/gin-gonic/gin\"\n	\"net/http\"\n)\n\nfunc Cors() gin.HandlerFunc {\n	return func(c *gin.Context) {\n		method := c.Request.Method               //请求方法\n		origin := c',1594562207,1595432696,7,0,8,'golang','','原创',NULL,0,0,0,'398','2'),(243,'java 获取随机字符串','',1594627270,1594627270,13,-1,1,'随机数','','原创',NULL,0,0,0,'',''),(245,'node-sass 安装失败的解决办法','',1594644041,1594644041,9,-1,8,'vue','','原创',NULL,0,0,0,'',''),(246,'SpringBoot_定时任务','spring项目中经常用到定时任务，\n\n@[TOC](目录)\n# @Scheduled 定时任务\n\n```java\n@Component\npublic class ScheduledTest {\n    /**\n     * 定时任务\n     */\n    @Scheduled(cron = \"\")\n    public void scheduledTest() {\n        System',1594658381,1595432904,40,0,1,'定时,quartz','','原创',NULL,0,0,1,'1203','5'),(247,'支付完成后','支付完成后，微信会把相关支付结果和用户信息发送给商户，商户需要接收处理，并返回应答。\n对后台通知交互时，如果微信收到商户的应答不是成功或超时，微信认为通知失败，微信会通过一定的策略定期重新发起通知，尽可能提高通知的成功率，但微信不保证通知最终能成功。 （通知频率为15/15/30/180/1800/1800/1800/1800/3600，单位：秒）\n注意：同样的通知可能会多次发送给商户系统。商户系',1594713243,1598780806,1,0,1,'java','','原创',NULL,0,2,0,'947','4'),(248,' SpringBoot+druid多数据源','title: SpringBoot+druid多数据源\ncomments: true\ntags: SpringBoot\ncategories: java\ndate: 2019-03-15 16:48:47\nkeywords:\ndescription:\n---\n\n# 开始 \n\n项目开发中存在不止一个数据库的情况，需要用到多数据源配置，进行相关业务开发。\n\n> 实现方式\n\n使用方式与单个druid配置',1594908692,1595432964,14,0,5,'多数据源,druid','','原创',NULL,0,0,0,'2030','10'),(250,'Docker 删除镜像','\n\n# docker prune 命令\n\n> prune 命令用来删除不再使用的 docker 对象。\n\n\n-  删除所有未被 tag 标记和未被容器使用的镜像:\n```\n$ docker image prune\n\nWARNING! This will remove all dangling images.\nAre you sure you want to continue? [y/N] y\n``',1596179226,1596179727,37,0,1,'docker','','原创',NULL,0,0,1,'121','1'),(251,'执行docker相关命令  Got permission denied ','安装完docker后，执行docker相关命令，出现：\n\n> Got permission denied while trying to connect to the Docker daemon socket at unix:///var/run/docker.sock: Get http://%2Fvar%2Frun%2Fdocker.sock/v1.40/containers/json: di',1596179431,1596179431,12,-1,1,'docker','','原创',NULL,0,0,0,'208','1'),(252,'RestTemplate文件下载','# RestTemplate文件下载，\n\n```xml\n@Test\n    public void downloadTest() throws IOException {\n	//普通图片下载\n        for (int id = 1; id <= 121; id++) {\n            String url = \"http://www.fhebook.cn/h5book/20200',1596382326,1596382326,24,-1,5,'RestTemplate','','原创',NULL,0,0,0,'116','1'),(253,'springboot+minio+docker快速入门','@[TOC](目录)\n\n# springboot+minio+docker快速入门\n\nMinIO 是一个基于Apache License v2.0开源协议的对象存储服务。它兼容亚马逊S3云存储服务接口，非常适合于存储大容量非结构化的数据，例如图片、视频、日志文件、备份数据和容器/虚拟机镜像等，而一个对象文件可以是任意大小，从几kb到最大5T不等。\nMinIO是一个非常轻量的服务,可以很简单的和其他',1598788858,1598789131,53,0,5,'minio','','原创',NULL,0,0,1,'1620','9'),(254,'docker 解决容器时区时间不一致问题','# 问题\n项目部署上线后发现时间不一致，相差时间8个小时，原因是docker容器系统默认时间与中国的时间不一致\n\n# 解决\n修改docker-compose.yml文件添加environment参数\n```yml\n	environment:\n      	  - TZ=Asia/Shanghai\n	\n```\n完整\n```yml\nversion: \"3\"\nservices:\n  app:\n    c',1599405581,1599405581,65,-1,5,'docker','','原创',NULL,0,0,1,'142','1'),(255,'go mod 常用命令','go mod 命令\n\n```\ngo mod tidy\n```\n\n拉取缺少的模块，移除不用的模块。\n\n我常用这个命令。\n```\ngo mod vendor\n```\n将依赖复制到vendor下。\n\n我常用这个命令。\n\n```\ngo mod download\n```\n下载依赖包。\n```\ngo mod verify\n```\n检验依赖。\n```\ngo mod graph\n```\n打印模块依赖图。\n\n\n',1600739158,1600739158,110,-1,8,'golang,mod','','原创',NULL,0,0,1,'71','1'),(256,'golang error错误处理','https://blog.csdn.net/yonggeit/article/details/86519117\n\nhttps://github.com/pkg/errors',1600763932,1600763932,-1,-1,0,'','','',NULL,0,2,0,'','');
/*!40000 ALTER TABLE `article` ENABLE KEYS */;
UNLOCK TABLES;

--
-- Table structure for table `article_category`
--

DROP TABLE IF EXISTS `article_category`;
/*!40101 SET @saved_cs_client     = @@character_set_client */;
/*!40101 SET character_set_client = utf8 */;
CREATE TABLE `article_category` (
  `id` int NOT NULL AUTO_INCREMENT,
  `categories` varchar(255) CHARACTER SET utf8mb4 COLLATE utf8mb4_unicode_ci DEFAULT NULL,
  `description` varchar(255) CHARACTER SET utf8mb4 COLLATE utf8mb4_unicode_ci DEFAULT NULL,
  `is_show` tinyint(1) unsigned zerofill DEFAULT '0',
  `create_time` bigint DEFAULT NULL,
  `update_time` bigint DEFAULT NULL,
  PRIMARY KEY (`id`) USING BTREE
) ENGINE=InnoDB AUTO_INCREMENT=11 DEFAULT CHARSET=utf8mb4 COLLATE=utf8mb4_unicode_ci;
/*!40101 SET character_set_client = @saved_cs_client */;

--
-- Dumping data for table `article_category`
--

LOCK TABLES `article_category` WRITE;
/*!40000 ALTER TABLE `article_category` DISABLE KEYS */;
INSERT INTO `article_category` VALUES (1,'java','主要记录Java相关的笔记记录和对问题的分析与处理',1,NULL,1592674614),(2,'mysql','记录在使用MySQL遇到的各种问题',1,NULL,1591884446),(3,'mybatis','mybatis框架的使用',1,NULL,1592111340),(5,'spring boot','3',1,NULL,1591507472),(8,'其他','暂时不分类',1,1592717029,1592717272),(9,'大数据','大数据相关技术',1,1592717290,1592717293),(10,'草稿','草稿',1,1592717887,1592717889);
/*!40000 ALTER TABLE `article_category` ENABLE KEYS */;
UNLOCK TABLES;

--
-- Table structure for table `article_content`
--

DROP TABLE IF EXISTS `article_content`;
/*!40101 SET @saved_cs_client     = @@character_set_client */;
/*!40101 SET character_set_client = utf8 */;
CREATE TABLE `article_content` (
  `article_id` int NOT NULL,
  `content` longtext CHARACTER SET utf8mb4 COLLATE utf8mb4_unicode_ci,
  PRIMARY KEY (`article_id`) USING BTREE
) ENGINE=InnoDB DEFAULT CHARSET=utf8mb4 COLLATE=utf8mb4_unicode_ci;
/*!40101 SET character_set_client = @saved_cs_client */;

--
-- Dumping data for table `article_content`
--

LOCK TABLES `article_content` WRITE;
/*!40000 ALTER TABLE `article_content` DISABLE KEYS */;
INSERT INTO `article_content` VALUES (224,'```java\n\nimport java.time.*;\nimport java.time.format.DateTimeFormatter;\nimport java.time.temporal.ChronoUnit;\nimport java.util.Date;\n\n/**\n * \n * @ 日期 2020-03-12 1:21\n */\npublic class DateUtil {\n    public static final DateTimeFormatter TIME_FORMATTER = DateTimeFormatter.ofPattern(\"HHmmss\");\n    public static final DateTimeFormatter YEAR_MONTH_FORMATTER = DateTimeFormatter.ofPattern(\"yyyy-MM\");\n    public static final DateTimeFormatter SHORT_DATE_FORMATTER = DateTimeFormatter.ofPattern(\"yyMMdd\");\n    public static final DateTimeFormatter DATE_FORMATTER = DateTimeFormatter.ofPattern(\"yyyy-MM-dd\");\n    public static final DateTimeFormatter SHORT_DATETIME_FORMATTER = DateTimeFormatter.ofPattern(\"yyMMddHHmmss\");\n    public static final DateTimeFormatter DATETIME_FORMATTER = DateTimeFormatter.ofPattern(\"yyyy-MM-dd HH:mm:ss\");\n    public static final DateTimeFormatter LONG_DATETIME_FORMATTER = DateTimeFormatter.ofPattern(\"yyyy-MM-dd HH:mm:ss SSS\");\n\n    /**\n     * 返回当前的日期\n     */\n    public static LocalDate getCurrentLocalDate() {\n        return LocalDate.now();\n    }\n\n    /**\n     * 返回当前时间\n     */\n    public static LocalTime getCurrentLocalTime() {\n        return LocalTime.now();\n    }\n\n    /**\n     * 返回当前日期时间\n     */\n    public static LocalDateTime getCurrentLocalDateTime() {\n        return LocalDateTime.now();\n    }\n\n    /**\n     * yyyy-MM-dd\n     */\n    public static String getCurrentDateStr() {\n        return LocalDate.now().format(DATE_FORMATTER);\n    }\n\n    /**\n     * yyMMdd\n     */\n    public static String getCurrentShortDateStr() {\n        return LocalDate.now().format(SHORT_DATE_FORMATTER);\n    }\n\n    public static String getCurrentMonthStr() {\n        return LocalDate.now().format(YEAR_MONTH_FORMATTER);\n    }\n\n    /**\n     * yyyy-MM-dd HH:mm:ss\n     */\n    public static String getCurrentDateTimeStr() {\n        return LocalDateTime.now().format(DATETIME_FORMATTER);\n    }\n\n\n    public static String getCurrentLongDateTimeStr() {\n        return LocalDateTime.now().format(LONG_DATETIME_FORMATTER);\n    }\n\n    /**\n     * yyMMddHHmmss\n     */\n    public static String getCurrentShortDateTimeStr() {\n        return LocalDateTime.now().format(SHORT_DATETIME_FORMATTER);\n    }\n\n    /**\n     * HHmmss\n     */\n    public static String getCurrentTimeStr() {\n        return LocalTime.now().format(TIME_FORMATTER);\n    }\n\n    public static String getCurrentDateStr(String pattern) {\n        return LocalDate.now().format(DateTimeFormatter.ofPattern(pattern));\n    }\n\n    public static String getCurrentDateTimeStr(String pattern) {\n        return LocalDateTime.now().format(DateTimeFormatter.ofPattern(pattern));\n    }\n\n    public static String getCurrentTimeStr(String pattern) {\n        return LocalTime.now().format(DateTimeFormatter.ofPattern(pattern));\n    }\n\n    public static LocalDate parseLocalDate(String dateStr, String pattern) {\n        return LocalDate.parse(dateStr, DateTimeFormatter.ofPattern(pattern));\n    }\n\n    public static LocalDateTime parseLocalDateTime(String dateTimeStr, String pattern) {\n        return LocalDateTime.parse(dateTimeStr, DateTimeFormatter.ofPattern(pattern));\n    }\n\n    public static LocalTime parseLocalTime(String timeStr, String pattern) {\n        return LocalTime.parse(timeStr, DateTimeFormatter.ofPattern(pattern));\n    }\n\n    public static String formatLocalDate(LocalDate date, String pattern) {\n        return date.format(DateTimeFormatter.ofPattern(pattern));\n    }\n\n    public static String formatLocalDateTime(LocalDateTime datetime, String pattern) {\n        return datetime.format(DateTimeFormatter.ofPattern(pattern));\n    }\n\n    public static String formatLocalTime(LocalTime time, String pattern) {\n        return time.format(DateTimeFormatter.ofPattern(pattern));\n    }\n\n    public static LocalDate parseLocalDate(String dateStr) {\n        return LocalDate.parse(dateStr, DATE_FORMATTER);\n    }\n\n    public static LocalDateTime parseLocalDateTime(String dateTimeStr) {\n        return LocalDateTime.parse(dateTimeStr, DATETIME_FORMATTER);\n    }\n\n    public static LocalDateTime parseLongLocalDateTime(String longDateTimeStr) {\n        return LocalDateTime.parse(longDateTimeStr, LONG_DATETIME_FORMATTER);\n    }\n\n    public static LocalTime parseLocalTime(String timeStr) {\n        return LocalTime.parse(timeStr, TIME_FORMATTER);\n    }\n\n    public static String formatLocalDate(LocalDate date) {\n        return date.format(DATE_FORMATTER);\n    }\n\n    public static String formatLocalDateTime(LocalDateTime datetime) {\n        return datetime.format(DATETIME_FORMATTER);\n    }\n\n    public static String formatLocalTime(LocalTime time) {\n        return time.format(TIME_FORMATTER);\n    }\n\n    /**\n     * LocalDate转Date\n     */\n    public static Date localDateToDate(LocalDate localDate) {\n        return Date.from(localDate.atStartOfDay(ZoneOffset.ofHours(8)).toInstant());\n    }\n\n    /**\n     * LocalDateTime转Date\n     */\n    public static Date localDateTimeToDate(LocalDateTime localDateTime) {\n        return Date.from(localDateTime.atZone(ZoneOffset.ofHours(8)).toInstant());\n    }\n\n    /**\n     * Date转LocalDateTime\n     */\n    public static LocalDateTime dateToLocalDateTime(Date date) {\n        return date.toInstant().atZone(ZoneOffset.ofHours(8)).toLocalDateTime();\n    }\n\n    /**\n     * Date转LocalDate\n     */\n    public static LocalDate dateToLocalDate(Date date) {\n        return date.toInstant().atZone(ZoneOffset.ofHours(8)).toLocalDate();\n    }\n\n    /**\n     * LocalDate转时间戳\n     */\n    public static long localDateToTimestamp(LocalDate localDate) {\n        return localDate.atStartOfDay(ZoneOffset.ofHours(8)).toInstant().toEpochMilli();\n    }\n\n    /**\n     * LocalDateTime转时间戳\n     */\n    public static long localDateTimeToTimestamp(LocalDateTime localDateTime) {\n        return localDateTime.toInstant(ZoneOffset.ofHours(8)).toEpochMilli();\n    }\n\n    /**\n     * 时间戳转LocalDate\n     */\n    public static LocalDate timestampToLocalDate(long timestamp) {\n        return Instant.ofEpochMilli(timestamp).atZone(ZoneOffset.ofHours(8)).toLocalDate();\n    }\n\n    /**\n     * 时间戳转LocalDateTime\n     */\n    public static LocalDateTime timestampToLocalDateTime(long timestamp) {\n        return Instant.ofEpochMilli(timestamp).atZone(ZoneOffset.ofHours(8)).toLocalDateTime();\n    }\n\n    /**\n     * 日期相隔秒\n     */\n    public static long periodHours(LocalDateTime startDateTime, LocalDateTime endDateTime) {\n        return Duration.between(startDateTime, endDateTime).get(ChronoUnit.SECONDS);\n    }\n\n    /**\n     * 日期相隔天数\n     */\n    public static long periodDays(LocalDate startDate, LocalDate endDate) {\n        return startDate.until(endDate, ChronoUnit.DAYS);\n    }\n\n    /**\n     * 日期相隔周数\n     */\n    public static long periodWeeks(LocalDate startDate, LocalDate endDate) {\n        return startDate.until(endDate, ChronoUnit.WEEKS);\n    }\n\n    /**\n     * 日期相隔月数\n     */\n    public static long periodMonths(LocalDate startDate, LocalDate endDate) {\n        return startDate.until(endDate, ChronoUnit.MONTHS);\n    }\n\n    /**\n     * 日期相隔年数\n     */\n    public static long periodYears(LocalDate startDate, LocalDate endDate) {\n        return startDate.until(endDate, ChronoUnit.YEARS);\n    }\n\n    /**\n     * 是否当天\n     */\n    public static boolean isToday(LocalDate date) {\n        return getCurrentLocalDate().equals(date);\n    }\n\n    /**\n     * 获取当前毫秒数\n     */\n    public static Long toEpochMilli(LocalDateTime dateTime) {\n        return dateTime.atZone(ZoneId.systemDefault()).toInstant().toEpochMilli();\n    }\n\n    /**\n     * 判断是否为闰年\n     */\n    public static boolean isLeapYear(LocalDate localDate) {\n        return localDate.isLeapYear();\n    }\n}\n\n\n\n```\n'),(228,'# 目录\n@[TOC](目录)\n# 实现缩略图\n\n在web开发过程中，需要对图片进行缩小，降低系统资源的压力，这样做可以提升程序的性能，和执行效率\n\n\n## 实现方式\n- 使用java jwt类库\n- BufferedImage \n- ImageIO\n## 代码\n```java\npublic class ThumbnailUtil {\n\n    private static final int WIDTH = 100;\n    private static final int HEIGHT = 100;\n\n    /**\n     * 等比例缩小图片\n     *\n     * @param file 文件\n     * @param path 输出缩略图文件路径\n     */\n    public static void thumbnail(File file, String path) {\n        if (!file.exists()) {\n            System.out.println(\"文件不存在\");\n            return;\n        }\n        String fileName = file.getName();\n        if (path == null || path.equals(\"\")) {\n            path = file.getParent();\n        }\n        String des = path + \"/thum_\" + fileName;\n        FileOutputStream os = null;\n        try {\n            os = new FileOutputStream(des);\n            BufferedImage image = ImageIO.read(file);\n            //原图宽度\n            int width = image.getWidth(null);\n            //原图高度\n            int height = image.getHeight(null);\n            int rate1 = width / WIDTH;\n            int rate2 = height / HEIGHT;\n            int rate = Math.max(rate1, rate2);\n            // 计算缩略图最终的宽度高度\n            int newWidth = width / rate;\n            int newHeight = height / rate;\n            BufferedImage bufferedImage = new BufferedImage(newWidth, newHeight, BufferedImage.TYPE_INT_RGB);\n            bufferedImage.getGraphics().drawImage(image.getScaledInstance(newWidth, newHeight, BufferedImage.SCALE_SMOOTH), 0, 0, null);\n            String fileType = fileName.substring(fileName.lastIndexOf(\".\") + 1);\n            ImageIO.write(bufferedImage, fileType, os);\n        } catch (IOException e) {\n            e.printStackTrace();\n        } finally {\n            if (os != null) {\n                try {\n                    os.close();\n                } catch (IOException e) {\n                    e.printStackTrace();\n                }\n            }\n        }\n    }\n}\n```\n# 使用\n\n```java\n  public static void main(String[] args) throws IOException {\n        File file = new File(\"E:\\\\images\\\\20.jpg\");\n        thumbnail(file, null);\n    }\n```\n'),(229,'@[TOC](目录)\n\n# 问题\n数据库中有一个bigint类型数据，对应java后台类型为Long型，页面上显示的数据和数据库中的数据不一致。后面几位全变成了0，精度丢失了。\n## 解决方式：\nJackson有个配置参数WRITE_NUMBERS_AS_STRINGS，可以强制将所有数字全部转成字符串输出。\n```bash\nspring:\n  jackson:\n    generator:\n      write_numbers_as_strings: true\n```\n\n另一个方式是使用注解JsonSerialize：\n\n```bash\n@JsonSerialize(using=ToStringSerializer.class)\nprivate Long bankcard;\n```\n'),(230,'```sql\nDROP PROCEDURE IF EXISTS proc_initData;\nDELIMITER $\nCREATE PROCEDURE proc_initData()\nBEGIN\n    DECLARE i INT DEFAULT 1;\n    WHILE i <= 300000\n        DO\n\n            insert into t_user (account,\n                                password,\n                                area_code)\n            values (i, i, \'123456\');\n            SET i = i + 1;\n        END WHILE;\nEND $\n\nCALL proc_initData();\n\n```\n'),(235,'# 规则\n\n\n\n```java\n  public static void main(String[] args) {\n        System.out.println(ball(5000000));\n    }\n\n    public static List<String> ball(int length) {\n        int max = 33;\n        int min = 1;\n        List<List<StringBuilder>> list = new ArrayList<>();\n        for (int m = 0; m < length; m++) {\n            List<StringBuilder> l = new ArrayList<>();\n            StringBuilder st = new StringBuilder();\n            for (int i = 0; i < 6; i++) {\n                int num = (int) (Math.random() * (max - min + 1) + min);\n                if (i == 0) {\n                    st.append(num);\n                } else {\n                    st.append(\",\").append(num);\n                }\n            }\n            int blue = (int) (Math.random() * (16 - min + 1) + min);\n            st.append(\",\").append(blue);\n            l.add(st);\n            list.add(l);\n        }\n        List<String> one = new ArrayList<>();\n        List<String> two = new ArrayList<>();\n        List<String> three = new ArrayList<>();\n        List<String> four = new ArrayList<>();\n        List<String> five = new ArrayList<>();\n        List<String> six = new ArrayList<>();\n        List<String> seven = new ArrayList<>();\n        for (List<StringBuilder> builderList : list) {\n            for (StringBuilder stringBuilder : builderList) {\n                String[] split = stringBuilder.toString().split(\",\");\n                one.add(split[0]);\n                two.add(split[1]);\n                three.add(split[2]);\n                four.add(split[3]);\n                five.add(split[4]);\n                six.add(split[5]);\n                seven.add(split[6]);\n            }\n        }\n        Map<String, Integer> onemap = count(one);\n        Map<String, Integer> twomap = count(two);\n        Map<String, Integer> threemap = count(three);\n        Map<String, Integer> fourmap = count(four);\n        Map<String, Integer> fivemap = count(five);\n        Map<String, Integer> sixmap = count(six);\n        Map<String, Integer> sevenmap = count(seven);\n        List<String> result = new ArrayList<>();\n        result.add(maxCount(onemap));\n        result.add(maxCount(twomap));\n        result.add(maxCount(threemap));\n        result.add(maxCount(fourmap));\n        result.add(maxCount(fivemap));\n        result.add(maxCount(sixmap));\n        result.add(maxCount(sevenmap));\n        return result;\n    }\n\n    private static Map<String, Integer> count(List<String> list) {\n        Map<String, Integer> map = new HashMap<>();\n        for (String s : list) {\n            if (map.containsKey(s)) {\n                int val = map.get(s);\n                map.put(s, val + 1);\n            } else {\n                map.put(s, 1);\n            }\n        }\n        return map;\n    }\n\n    private static String maxCount(Map<String, Integer> map) {\n        AtomicInteger temp = new AtomicInteger();\n        AtomicReference<String> key = new AtomicReference<>();\n        map.entrySet().stream().sorted(Collections.reverseOrder(Map.Entry.comparingByValue())).forEach(value -> {\n            if (temp.get() < value.getValue()) {\n                temp.set(value.getValue());\n                key.set(value.getKey());\n            }\n        });\n        return key.get();\n    }\n\n\n```\n'),(236,'```java\npublic class JSON {\n    private final static ObjectMapper mapper = new ObjectMapper();\n\n    static {\n\n        // 美化输出\n        //  mapper.enable(SerializationFeature.INDENT_OUTPUT);\n        // 允许序列化空的POJO类\n        // （否则会抛出异常）\n        mapper.disable(SerializationFeature.FAIL_ON_EMPTY_BEANS);\n        // 把java.util.Date, Calendar输出为数字（时间戳）\n        mapper.disable(SerializationFeature.WRITE_DATES_AS_TIMESTAMPS);\n        // 在遇到未知属性的时候不抛出异常\n        mapper.disable(DeserializationFeature.FAIL_ON_UNKNOWN_PROPERTIES);\n        // 强制JSON 空字符串(\"\")转换为null对象值:\n        mapper.enable(DeserializationFeature.ACCEPT_EMPTY_STRING_AS_NULL_OBJECT);\n        // 在JSON中允许C/C++ 样式的注释(非标准，默认禁用)\n        mapper.configure(JsonParser.Feature.ALLOW_COMMENTS, true);\n        // 允许没有引号的字段名（非标准）\n        mapper.configure(JsonParser.Feature.ALLOW_UNQUOTED_FIELD_NAMES, true);\n        // 允许单引号（非标准）\n        mapper.configure(JsonParser.Feature.ALLOW_SINGLE_QUOTES, true);\n        // 强制转义非ASCII字符\n        mapper.configure(JsonGenerator.Feature.ESCAPE_NON_ASCII, true);\n        //所有的日期格式都统一为以下的样式，即yyyy-MM-dd HH:mm:ss\n        mapper.setDateFormat(new SimpleDateFormat(\"yyyy-MM-dd HH:mm:ss\"));\n\n        // 将内容包裹为一个JSON属性，属性名由@JsonRootName注解指定\n        // mapper.configure(SerializationFeature.WRAP_ROOT_VALUE, true);\n        mapper.registerModule(new JavaTimeModule());\n\n    }\n\n    public static void main(String[] args) {\n\n        List<Test> tests = new ArrayList<>();\n\n        Test test = new Test();\n\n        test.setId(1);\n        test.setTest(\"test\");\n        test.setTid(10L);\n\n        test.setDate(new Date());\n        test.setDateTime(LocalDateTime.now());\n        tests.add(test);\n        String s = toJSONString(test);\n\n        System.out.println(s);\n        Test list = parseObject(s, Test.class);\n\n        System.out.println(list.toString());\n\n\n    }\n\n\n    public static <T> T parseObject(String text, Class<T> clazz) {\n        if (text != null) {\n            try {\n                return mapper.readValue(text, clazz);\n            } catch (IOException e) {\n                e.printStackTrace();\n            }\n        }\n        return null;\n    }\n\n    public static <T> T parseObject(String text, TypeReference<T> typeReference) {\n        if (text != null) {\n            try {\n                return mapper.readValue(text, typeReference);\n            } catch (IOException e) {\n                e.printStackTrace();\n            }\n        }\n        return null;\n    }\n\n    public static <T> List<T> parseArray(String text, Class<T> clazz) {\n        if (text != null) {\n            try {\n                JavaType javaType = mapper.getTypeFactory().constructParametricType(List.class, clazz);\n                return mapper.readValue(text, javaType);\n            } catch (IOException e) {\n                e.printStackTrace();\n            }\n        }\n        return null;\n    }\n\n\n    public static String toJSONString(Object clazz) {\n        if (clazz != null) {\n            try {\n                return mapper.writeValueAsString(clazz);\n            } catch (JsonProcessingException e) {\n                e.printStackTrace();\n            }\n        }\n        return \"\";\n    }\n\n}\n\n\n```\n'),(237,'```java\nserver {\n    listen       XXXX;                     //端口号\n    server_name  XXX.XXX.XXX.XXX;          //本机IP地址\n     \n    location /{\n        root E:/website/dist/;             //打包后的项目路径\n        index index.html index.htm;        //默认访问的页面\n        try_files $uri $uri/ /index.html;  //解决刷新页面变成404问题的代码\n    }  \n}\n```\n'),(238,'# 首先\n现在很多站点都支持第三方登录功能， 如何实现第三方登录，做以下记录：\n首先有一个GitHub账号\n## 登录Github \n\n - 点击 setting\n\n\n![在这里插入图片描述](https://img-blog.csdnimg.cn/20191204112325530.png)\n- 点击开发者设置\n![在这里插入图片描述](https://img-blog.csdnimg.cn/2019120411250098.png?x-oss-process=image/watermark,type_ZmFuZ3poZW5naGVpdGk,shadow_10,text_aHR0cHM6Ly9ibG9nLmNzZG4ubmV0L3BpbmdwZWkxMTMz,size_16,color_FFFFFF,t_70)\n- 新建一个授权应用\n![在这里插入图片描述](https://img-blog.csdnimg.cn/20191204112847229.png?x-oss-process=image/watermark,type_ZmFuZ3poZW5naGVpdGk,shadow_10,text_aHR0cHM6Ly9ibG9nLmNzZG4ubmV0L3BpbmdwZWkxMTMz,size_16,color_FFFFFF,t_70)\n- 填写信息\n\n![在这里插入图片描述](https://img-blog.csdnimg.cn/20191204113046620.png?x-oss-process=image/watermark,type_ZmFuZ3poZW5naGVpdGk,shadow_10,text_aHR0cHM6Ly9ibG9nLmNzZG4ubmV0L3BpbmdwZWkxMTMz,size_16,color_FFFFFF,t_70)\n## 获取Client ID和Client Secret \n![在这里插入图片描述](https://img-blog.csdnimg.cn/20191204113148748.png?x-oss-process=image/watermark,type_ZmFuZ3poZW5naGVpdGk,shadow_10,text_aHR0cHM6Ly9ibG9nLmNzZG4ubmV0L3BpbmdwZWkxMTMz,size_16,color_FFFFFF,t_70)\n## 后端程序\n\n 1. 先写一个简单的登录页面\n \n```java\n<!DOCTYPE html>\n<html lang=\"en\" xmlns:th=\"http://www.thymeleaf.org\">\n<head>\n    <meta charset=\"UTF-8\">\n    <title>登录</title>\n</head>\n<body>\n<form method=\"get\" action=\"/oauth/login\">\n    <input type=\"submit\" th:name=\"type\" th:value=\"github\">\n    <input type=\"submit\" th:name=\"type\" th:value=\"gitee\"/>\n</form>\n</body>\n</html>\n```\n 2. controller 页面跳转\n \n```java\n    @GetMapping(value = \"/login\")\n    public String login() {\n        return \"login\";\n    }\n```\n![在这里插入图片描述](https://img-blog.csdnimg.cn/20191204113725117.png)\n##  A点击登录  \n会重定向到github的登录授权页面；地址如下：\n\n> https://github.com/login/oauth/authorize?client_id=xxxxxxxxxxxxxxxxxx&scope=user,public_repo\n\n\n## 授权结束\n地址跳转到回掉地址，并携带一个code 参数\n\n> http://localhost:8080/login?code=xxxxxxxxxxxxxxxxxxxx\n\n## B 获取用户的access_token用户标识\n需要传入client_id，client_secret 以及 上一步回调得到的code参数\n> https://github.com/login/oauth/access_token?client_id=xxxxxxxxxxxxxxxxxxx&client_secret=xxxxxxxxxxxxxxxxx&code=xxxxxxxxxxxxxxxxxxx\n\n## C 最后一步使用access_token 获取用户信息\n\n> https://api.github.com/user?access_token=xxxxxxxxxxxxxxxxx\n\n# 完整代码\n![在这里插入图片描述](https://img-blog.csdnimg.cn/20191204115926972.png?x-oss-process=image/watermark,type_ZmFuZ3poZW5naGVpdGk,shadow_10,text_aHR0cHM6Ly9ibG9nLmNzZG4ubmV0L3BpbmdwZWkxMTMz,size_16,color_FFFFFF,t_70)\n##  基本的Oauth\n\n```java\npublic interface BaseOauth {\n\n    /**\n     * 授权地址\n     *\n     * @return 授权地址\n     */\n    public String authorize();\n\n    /**\n     * 获取accessToken\n     *\n     * @param code 请求编码\n     * @return accessToken\n     */\n    public String accessToken(String code);\n\n    /**\n     * 获取用户信息\n     *\n     * @param accessToken token\n     * @return user\n     */\n    public String userInfo(String accessToken);\n}\n\n```\n## GiteeOauth实现\n\n```java\n@Component\npublic class GiteeOauth implements BaseOauth {\n\n    private static final String GITEE_CLIENT_ID = \"1cf84a0dc5cbe7719afe1c16b71dc2475f2612c05bee7557922022d0b5c8\";\n    private static final String GITEE_CLIENT_SECRET = \"13bac3e8d348264b3c9d3a1738b4879b34eb2e850489e69f411d34d474\";\n\n    private static final String REDIRECT_URI = \"http://127.0.0.1:8012/gitee/callback\";\n\n    @Override\n    public String authorize() {\n        return \"https://gitee.com/oauth/authorize?client_id=\" + GITEE_CLIENT_ID + \"&response_type=code&redirect_uri=\" + REDIRECT_URI;\n    }\n\n    @Override\n    public String accessToken(String code) {\n        return \"https://gitee.com/oauth/token?grant_type=authorization_code&code=\" + code + \"&client_id=\" + GITEE_CLIENT_ID + \"&redirect_uri=\" + REDIRECT_URI + \"&client_secret=\" + GITEE_CLIENT_SECRET;\n    }\n\n    @Override\n    public String userInfo(String accessToken) {\n        return \"https://gitee.com/api/v5/user?access_token=\" + accessToken;\n    }\n}\n\n```\n## GithubOauth实现\n\n```java\n@Component\npublic class GithubOauth implements BaseOauth {\n\n    private static final String GITHUB_CLIENT_ID = \"3d00a49f8121305975c\";\n    private static final String GITHUB_CLIENT_SECRET = \"4edd0d1css04100dd57c34cde45c1e21e0521b64b89\";\n\n    /**\n     * 登陆授权类型\n     */\n    @Override\n    public String authorize() {\n        return \"https://github.com/login/oauth/authorize?client_id=\" + GITHUB_CLIENT_ID + \"&scope=user,public_repo\";\n    }\n\n    @Override\n    public String accessToken(String code) {\n        return \"https://github.com/login/oauth/access_token?client_id=\" + GITHUB_CLIENT_ID + \"&client_secret=\" + GITHUB_CLIENT_SECRET + \"&code=\" + code;\n    }\n\n    @Override\n    public String userInfo(String accessToken) {\n        return \"https://api.github.com/user?access_token=\" + accessToken + \"&scope=public_repo%2Cuser&token_type=bearer\";\n    }\n}\n```\n## BaseOauthService \n\n```java\npublic interface BaseOauthService {\n    String authorizeUri();\n\n    String getAccessToken(String code);\n\n    JSONObject getUserInfo(String accessToken);\n\n}\n```\n## GiteeOauthService \n\n```java\n@Service\npublic class GiteeServiceImpl implements BaseOauthService {\n\n    @Autowired\n    GiteeOauth giteeOauth;\n\n    @Autowired\n    RestTemplate restTemplate;\n\n    @Override\n    public String authorizeUri() {\n        return giteeOauth.authorize();\n    }\n\n    @Override\n    public String getAccessToken(String code) {\n        String token = giteeOauth.accessToken(code);\n        ResponseEntity<Object> entity = restTemplate.postForEntity(token, httpEntity(), Object.class);\n        Object body = entity.getBody();\n        assert body != null;\n        String string = body.toString();\n        String[] split = string.split(\"=\");\n        String accessToken = split[1].toString().split(\",\")[0];\n        return accessToken;\n    }\n\n    @Override\n    public JSONObject getUserInfo(String accessToken) {\n        String userInfo = giteeOauth.userInfo(accessToken);\n        ResponseEntity<JSONObject> forEntity = restTemplate.exchange(userInfo, HttpMethod.GET, httpEntity(), JSONObject.class);\n        JSONObject body = forEntity.getBody();\n        return body;\n    }\n\n    public static HttpEntity httpEntity() {\n        HttpHeaders headers = new HttpHeaders();\n        headers.add(\"User-Agent\", \"Mozilla/5.0 (Windows NT 10.0; Win64; x64) AppleWebKit/537.36 (KHTML, like Gecko) Chrome/58.0.3029.110 Safari/537.36\");\n  \n        HttpEntity<HttpHeaders> request = new HttpEntity<>(headers);\n        return request;\n    }\n}\n\n```\n## GithubOauthService \n\n```java\n@Service\npublic class GithubServiceImpl implements BaseOauthService {\n    @Autowired\n    GithubOauth githubOauth;\n    @Autowired\n    private RestTemplate restTemplate;\n\n    @Override\n    public String authorizeUri() {\n        return githubOauth.authorize();\n    }\n\n    @Override\n    public String getAccessToken(String code) {\n        String token = githubOauth.accessToken(code);\n        ResponseEntity<Object> forEntity = restTemplate.exchange(token, HttpMethod.GET, httpEntity(), Object.class);\n        String[] split = Objects.requireNonNull(forEntity.getBody()).toString().split(\"=\");\n        String accessToken = split[1].split(\",\")[0];\n        return accessToken;\n    }\n\n    @Override\n    public JSONObject getUserInfo(String accessToken) {\n        String userInfo = githubOauth.userInfo(accessToken);\n        ResponseEntity<JSONObject> entity = restTemplate.exchange(userInfo, HttpMethod.GET, httpEntity(), JSONObject.class);\n        JSONObject body = entity.getBody();\n        return body;\n    }\n}\n```\n## Controller\n\n```java\n@Controller\npublic class IndexController {\n\n    @Autowired\n    private GiteeServiceImpl giteeService;\n\n    @Autowired\n    GithubServiceImpl githubService;\n\n\n    @GetMapping(value = \"/\")\n    public String index() {\n        return \"index\";\n    }\n\n    @GetMapping(value = \"/login\")\n    public String login() {\n        return \"login\";\n    }\n\n\n    @GetMapping(value = \"/oauth/login\")\n    public String login(@RequestParam(\"type\") String type) {\n        if (type.toUpperCase().equals(LoginType.GITHUB.toString())) {\n            return \"redirect:\" + githubService.authorizeUri();\n        }\n        return \"redirect:\" + giteeService.authorizeUri();\n    }\n\n    @GetMapping(value = \"/github/callback\")\n    public String callback(HttpServletRequest request, Model model) {\n        String code = request.getParameter(\"code\");\n        JSONObject userInfo = githubService.getUserInfo(githubService.getAccessToken(code));\n        UserInfo info = JSON.parseObject(userInfo.toString(), UserInfo.class);\n        model.addAttribute(\"github\", info);\n        return \"index\";\n    }\n\n    @GetMapping(value = \"/gitee/callback\")\n    public String giteeCallBack(HttpServletRequest request, Model model) {\n        String code = request.getParameter(\"code\");\n        JSONObject userInfo = giteeService.getUserInfo(giteeService.getAccessToken(code));\n        UserInfo info = JSON.parseObject(userInfo.toString(), UserInfo.class);\n        model.addAttribute(\"gitee\", info);\n        return \"index\";\n    }\n}\n```\n## UserInfo\n\n```java\n@Data\npublic class UserInfo {\n    private Integer id;\n    private String avatarUrl;\n    private String login;\n    private String bio;\n    private String createdAt;\n    private String htmlUrl;\n}\n\n```\n\n```java\npublic enum LoginType {\n    /**\n     * 登录类型\n     */\n    GITEE,\n    GITHUB;\n}\n\n```\n## 显示用户信息\n\n```java\n<!DOCTYPE html>\n<html lang=\"en\" xmlns:th=\"http://www.thymeleaf.org\">\n<head>\n    <meta charset=\"UTF-8\">\n    <title>首页</title>\n    <style>\n        .container {\n            width: 500px;\n            margin: 0 auto;\n        }\n    </style>\n</head>\n<body>\n<div class=\"container\">\n    <h1> Gitee</h1>\n    <p th:text=\"${gitee}\"></p>\n\n    <h1> GitHub</h1>\n    <p th:text=\"${github}\"></p>\n</div>\n</html>\n```\n![在这里插入图片描述](https://img-blog.csdnimg.cn/20191204132231696.png?x-oss-process=image/watermark,type_ZmFuZ3poZW5naGVpdGk,shadow_10,text_aHR0cHM6Ly9ibG9nLmNzZG4ubmV0L3BpbmdwZWkxMTMz,size_16,color_FFFFFF,t_70)\n![在这里插入图片描述](https://img-blog.csdnimg.cn/20191204132304436.png?x-oss-process=image/watermark,type_ZmFuZ3poZW5naGVpdGk,shadow_10,text_aHR0cHM6Ly9ibG9nLmNzZG4ubmV0L3BpbmdwZWkxMTMz,size_16,color_FFFFFF,t_70)\n参考文档：\n\nhttps://developer.github.com/apps/building-oauth-apps/authorizing-oauth-apps/\n\nhttps://gitee.com/api/v5/oauth_doc#/list_1'),(239,'\n# 起步\n首先，我们需要初始化我们的Spring-Boot工程，必要添加的pom\n\n```xml\n<?xml version=\"1.0\" encoding=\"UTF-8\"?>\n<project xmlns=\"http://maven.apache.org/POM/4.0.0\" xmlns:xsi=\"http://www.w3.org/2001/XMLSchema-instance\"\n         xsi:schemaLocation=\"http://maven.apache.org/POM/4.0.0 https://maven.apache.org/xsd/maven-4.0.0.xsd\">\n    <modelVersion>4.0.0</modelVersion>\n    <parent>\n        <groupId>org.springframework.boot</groupId>\n        <artifactId>spring-boot-starter-parent</artifactId>\n        <version>2.2.1.RELEASE</version>\n        <relativePath/> <!-- lookup parent from repository -->\n    </parent>\n    <groupId>online.keepon.mybatis</groupId>\n    <artifactId>mybatis-cache</artifactId>\n    <version>0.0.1-SNAPSHOT</version>\n    <name>mybatis-cache</name>\n    <description>Demo project for Spring Boot</description>\n\n    <properties>\n        <java.version>11</java.version>\n    </properties>\n\n    <dependencies>\n        <dependency>\n            <groupId>org.springframework.boot</groupId>\n            <artifactId>spring-boot-starter-web</artifactId>\n        </dependency>\n        <dependency>\n            <groupId>org.mybatis.spring.boot</groupId>\n            <artifactId>mybatis-spring-boot-starter</artifactId>\n            <version>2.1.1</version>\n        </dependency>\n        <dependency>\n            <groupId>org.springframework.boot</groupId>\n            <artifactId>spring-boot-starter-data-redis</artifactId>\n        </dependency>\n        <dependency>\n            <groupId>mysql</groupId>\n            <artifactId>mysql-connector-java</artifactId>\n            <scope>runtime</scope>\n        </dependency>\n        <dependency>\n            <groupId>org.projectlombok</groupId>\n            <artifactId>lombok</artifactId>\n            <optional>true</optional>\n        </dependency>\n        <dependency>\n            <groupId>com.alibaba</groupId>\n            <artifactId>fastjson</artifactId>\n            <version>1.2.61</version>\n        </dependency>\n        <dependency>\n            <groupId>org.springframework.boot</groupId>\n            <artifactId>spring-boot-starter-test</artifactId>\n            <scope>test</scope>\n            <exclusions>\n                <exclusion>\n                    <groupId>org.junit.vintage</groupId>\n                    <artifactId>junit-vintage-engine</artifactId>\n                </exclusion>\n            </exclusions>\n        </dependency>\n    </dependencies>\n\n    <build>\n        <plugins>\n            <plugin>\n                <groupId>org.springframework.boot</groupId>\n                <artifactId>spring-boot-maven-plugin</artifactId>\n            </plugin>\n        </plugins>\n    </build>\n\n</project>\n\n```\n\n## 配置文件\n\n```yml\nserver.port=8990\nspring.datasource.username=root\nspring.datasource.password=root\nspring.datasource.driver-class-name=com.mysql.cj.jdbc.Driver\nspring.datasource.url=jdbc:mysql://localhost:3306/assistant?characterEncoding=utf-8&useSSL=false&serverTimezone=Asia/Shanghai\n#Redis配置## Redis数据库索引（默认为0）\nspring.redis.database=0\n# Redis服务器地址\nspring.redis.host=127.0.0.1\n# Redis服务器连接端口\nspring.redis.port=6379\n# Redis服务器连接密码\nspring.redis.password=\n# 连接池最大连接数（使用负值表示没有限制）\nspring.redis.jedis.pool.max-active=8\n# 连接池最大阻塞等待时间（使用负值表示没有限制）\nspring.redis.jedis.pool.max-wait=30000ms\n# 连接池中的最大空闲连接\nspring.redis.jedis.pool.max-idle=8\n# 连接池中的最小空闲连接\nspring.redis.jedis.pool.min-idle=1\n# 连接超时时间（毫秒）\nspring.redis.timeout=6000ms\n#mybatis\nmybatis.type-aliases-package=online.keepon.mybatis.model\nmybatis.mapper-locations=classpath:mapper/*\nmybatis.configuration.cache-enabled=true\nmybatis.configuration.map-underscore-to-camel-case=true\nspring.jackson.date-format=yyyy-MM-dd HH:mm:ss\nspring.jackson.time-zone=GMT+8\nlogging.level.online.keepon.mybatis.mapper=trace\n```\n\n## 一个简单的User\n需要实现Serializable 接口，避免redis报错\n```java\n@Data\npublic class User implements Serializable {\n    private Integer id;\n    private String username;\n}\n\n```\n# UserMapper\n\n```java\n@Mapper\n@CacheNamespace(implementation = RedisCache.class)\npublic interface UserMapper {\n\n    @Select(\"select * from user where id=#{id} \")\n    User selectById(@Param(\"id\") Integer id);\n\n	/**\n     * flushCache = FlushCachePolicy.TRUE 更新的时候删除缓存\n     * @param user\n     * @return\n     */\n    @Options(flushCache = FlushCachePolicy.TRUE)\n    @Update(\"update user set username=#{username} where id=#{id}  \")\n    int update(User user);\n}\n\n```\n\n## 新建一个RedisCache 实现mybatis 的缓存\n\n```java\nimport lombok.extern.slf4j.Slf4j;\nimport online.keepon.mybatis.utils.ApplicationContextHolder;\nimport org.apache.ibatis.cache.Cache;\nimport org.springframework.data.redis.core.RedisCallback;\nimport org.springframework.data.redis.core.RedisTemplate;\n\nimport java.util.Objects;\nimport java.util.concurrent.TimeUnit;\nimport java.util.concurrent.locks.ReadWriteLock;\nimport java.util.concurrent.locks.ReentrantReadWriteLock;\n\n/**\n * @author felix\n * @ 日期 2019-12-06 15:04\n */\n@Slf4j\npublic class RedisCache implements Cache {\n    private final ReadWriteLock readWriteLock = new ReentrantReadWriteLock(true);\n    private String id;\n    private RedisTemplate<String, Object> redisTemplate = ApplicationContextHolder.getBean(\"redisTemplate\");\n\n    // redis过期时间\n    private static final long EXPIRE_TIME_IN_MINUTES = 30;\n\n    public RedisCache(String id) {\n        if (id == null) {\n            throw new IllegalArgumentException(\"Cache instances require an ID\");\n        }\n        this.id = id;\n    }\n\n    @Override\n    public String getId() {\n        return id;\n    }\n\n    /**\n     * Put query result to redis\n     *\n     * @param key\n     * @param value\n     */\n    @Override\n    @SuppressWarnings(\"unchecked\")\n    public void putObject(Object key, Object value) {\n        System.out.println(key);\n        redisTemplate.opsForValue().set(key.toString(), value, EXPIRE_TIME_IN_MINUTES, TimeUnit.SECONDS);\n        log.debug(\"Put query result to redis\");\n    }\n\n    /**\n     * Get cached query result from redis\n     *\n     * @param key\n     * @return\n     */\n    @Override\n    public Object getObject(Object key) {\n        log.debug(\"Get cached query result from redis\");\n        return redisTemplate.opsForValue().get(key.toString());\n    }\n\n    /**\n     * Remove cached query result from redis\n     *\n     * @param key\n     * @return\n     */\n    @Override\n    public Object removeObject(Object key) {\n        redisTemplate.delete(key.toString());\n        log.debug(\"Remove cached query result from redis\");\n        return null;\n    }\n\n    /**\n     * Clears this cache instance\n     */\n    @Override\n    @SuppressWarnings(\"unchecked\")\n    public void clear() {\n        redisTemplate.execute((RedisCallback) connection -> {\n            connection.flushDb();\n            return null;\n        });\n        log.debug(\"Clear all the cached query result from redis\");\n    }\n\n    @Override\n    public int getSize() {\n        return Objects.requireNonNull(Objects.requireNonNull(redisTemplate.getConnectionFactory()).getConnection().dbSize()).intValue();\n    }\n\n    @Override\n    public ReadWriteLock getReadWriteLock() {\n        return readWriteLock;\n    }\n}\n\n```\n\n## redis 序列化配置\n\n```java\nimport com.fasterxml.jackson.annotation.JsonAutoDetect;\nimport com.fasterxml.jackson.annotation.PropertyAccessor;\nimport com.fasterxml.jackson.databind.ObjectMapper;\nimport online.keepon.mybatis.cache.FastJson2JsonRedisSerializer;\nimport org.springframework.context.annotation.Bean;\nimport org.springframework.context.annotation.Configuration;\nimport org.springframework.data.redis.connection.RedisConnectionFactory;\nimport org.springframework.data.redis.core.RedisTemplate;\nimport org.springframework.data.redis.serializer.StringRedisSerializer;\n\n/**\n * @author felix\n * @ 日期 2019-12-06 15:15\n */\n@Configuration\npublic class RedisConfig {\n   @Bean\n    public RedisTemplate<String, Object> redisTemplate(RedisConnectionFactory redisConnectionFactory) {\n        RedisTemplate<String, Object> redisTemplate = new RedisTemplate<String, Object>();\n        redisTemplate.setConnectionFactory(redisConnectionFactory);\n        FastJson2JsonRedisSerializer fastJson2JsonRedisSerializer = new FastJson2JsonRedisSerializer(Object.class);\n        ObjectMapper objectMapper = new ObjectMapper();\n        objectMapper.setVisibility(PropertyAccessor.ALL, JsonAutoDetect.Visibility.ANY);\n        objectMapper.enableDefaultTyping(ObjectMapper.DefaultTyping.NON_FINAL);\n        fastJson2JsonRedisSerializer.setObjectMapper(objectMapper);\n\n        StringRedisSerializer stringRedisSerializer = new StringRedisSerializer();\n        // key采用String的序列化方式\n        redisTemplate.setKeySerializer(stringRedisSerializer);\n        // string的value采用fastJson序列化方式\n        redisTemplate.setValueSerializer(fastJson2JsonRedisSerializer);\n        // hash的key也采用String的序列化方式\n        redisTemplate.setHashKeySerializer(stringRedisSerializer);\n        // hash的value采用fastJson序列化方式\n        redisTemplate.setHashValueSerializer(fastJson2JsonRedisSerializer);\n        redisTemplate.afterPropertiesSet();\n        return redisTemplate;\n    }\n}\n```\n\n\n\n```java\n\nimport com.alibaba.fastjson.JSON;\nimport com.alibaba.fastjson.parser.ParserConfig;\nimport com.alibaba.fastjson.serializer.SerializerFeature;\nimport com.fasterxml.jackson.databind.JavaType;\nimport com.fasterxml.jackson.databind.ObjectMapper;\nimport com.fasterxml.jackson.databind.type.TypeFactory;\nimport org.springframework.data.redis.serializer.RedisSerializer;\nimport org.springframework.data.redis.serializer.SerializationException;\nimport org.springframework.util.Assert;\n\nimport java.nio.charset.Charset;\n\n/**\n * @author felix\n * @ 日期 2019-12-06 15:57\n */\npublic class FastJson2JsonRedisSerializer<T> implements RedisSerializer<T> {\n\n    private ObjectMapper objectMapper = new ObjectMapper();\n    public static final Charset DEFAULT_CHARSET = Charset.forName(\"UTF-8\");\n\n    private Class<T> clazz;\n\n    static {\n        ParserConfig.getGlobalInstance().setAutoTypeSupport(true);\n        ParserConfig.getGlobalInstance().addAccept(\"com.openailab.oascloud\");\n\n    }\n\n    public FastJson2JsonRedisSerializer(Class<T> clazz) {\n        super();\n        this.clazz = clazz;\n    }\n\n    @Override\n    public byte[] serialize(T t) throws SerializationException {\n        if (t == null) {\n            return new byte[0];\n        }\n        return JSON.toJSONString(t, SerializerFeature.WriteClassName).getBytes(DEFAULT_CHARSET);\n    }\n\n    @Override\n    public T deserialize(byte[] bytes) throws SerializationException {\n        if (bytes == null || bytes.length <= 0) {\n            return null;\n        }\n        String str = new String(bytes, DEFAULT_CHARSET);\n\n        return JSON.parseObject(str, clazz);\n    }\n\n    public void setObjectMapper(ObjectMapper objectMapper) {\n        Assert.notNull(objectMapper, \"\'objectMapper\' must not be null\");\n        this.objectMapper = objectMapper;\n    }\n\n    protected JavaType getJavaType(Class<?> clazz) {\n        return TypeFactory.defaultInstance().constructType(clazz);\n    }\n}\n\n```\n\n# ApplicationContextHolder\n\n> 需要注意的是，这里不能通过autowire的方式引用redisTemplate，\n>  因为RedisCache并不是Spring容器里的bean。所以我们需要手动地去调用容器的getBean方法来拿到这个bean；\n\n```java\nimport org.springframework.beans.BeansException;\nimport org.springframework.context.ApplicationContext;\nimport org.springframework.context.ApplicationContextAware;\nimport org.springframework.stereotype.Component;\n\n@Component\npublic class ApplicationContextHolder implements ApplicationContextAware {\n    private static ApplicationContext applicationContext;\n\n    @Override\n    public void setApplicationContext(ApplicationContext ctx) throws BeansException {\n        applicationContext = ctx;\n    }\n\n\n    public static ApplicationContext getApplicationContext() {\n        return applicationContext;\n    }\n\n\n    public static <T> T getBean(Class<T> clazz) {\n        return applicationContext.getBean(clazz);\n    }\n\n\n    @SuppressWarnings(\"unchecked\")\n    public static <T> T getBean(String name) {\n        return (T) applicationContext.getBean(name);\n    }\n}\n\n```\n\n# 测试使用\n\n```java\n@SpringBootTest\nclass MybatisCacheApplicationTests {\n    @Autowired\n    UserMapper userMapper;\n\n    @Test\n    void select() {\n        User user = userMapper.selectById(1);\n        System.out.println(user);\n    }\n\n    @Test\n    public void update() {\n        User user = new User();\n        user.setId(1);\n        user.setUsername(\"user\");\n        userMapper.update(user);\n\n    }\n\n}\n\n```\n\n\n\n\n# 参考\n[参考文章](https://zhuanlan.zhihu.com/p/27726873)'),(240,'# 新建spring boot工程\n## 添加依赖\n```xml\n	<dependency>\n            <groupId>io.springfox</groupId>\n            <artifactId>springfox-swagger2</artifactId>\n            <version>2.9.2</version>\n        </dependency>\n        <dependency>\n            <groupId>io.springfox</groupId>\n            <artifactId>springfox-swagger-ui</artifactId>\n            <version>2.9.2</version>\n        </dependency>\n```\n## 新建swagger配置\n```java\nimport org.springframework.beans.factory.annotation.Value;\nimport org.springframework.context.annotation.Bean;\nimport org.springframework.context.annotation.Configuration;\nimport springfox.documentation.builders.ApiInfoBuilder;\nimport springfox.documentation.builders.PathSelectors;\nimport springfox.documentation.builders.RequestHandlerSelectors;\nimport springfox.documentation.service.ApiInfo;\nimport springfox.documentation.service.Contact;\nimport springfox.documentation.spi.DocumentationType;\nimport springfox.documentation.spring.web.plugins.Docket;\nimport springfox.documentation.swagger2.annotations.EnableSwagger2;\n\n/**\n * @author felix\n * @ 日期 2019-05-27 12:03\n */\n@Configuration\n@EnableSwagger2\npublic class SwaggerConfiguration {\n    @Value(\"${swagger.enabled}\")\n    private boolean enable;\n\n    @Bean\n    public Docket createRestApi() {\n        return new Docket(DocumentationType.SWAGGER_2)\n                .apiInfo(apiInfo())\n                .enable(enable)\n                .select()\n                .apis(RequestHandlerSelectors.basePackage(\"com.fecred.villagedoctor.controller\"))\n                .paths(PathSelectors.any())\n                .build();\n    }\n\n    @Bean\n    public Docket healthApi() {\n        return new Docket(DocumentationType.SWAGGER_2)\n                .groupName(\"分组名称\")\n                .apiInfo(apiInfo())\n                .enable(enable)\n                .select()\n				//分组的controller层\n   				.apis(RequestHandlerSelectors.basePackage(\"com.xxx.controller\"))\n                .paths(PathSelectors.regex(\".*/health/.*\"))\n                .build();\n    }\n\n    private ApiInfo apiInfo() {\n        return new ApiInfoBuilder()\n                .title(\"标题\")\n                .description(\"一般描述信息\")\n                .termsOfServiceUrl(\"http://localhost:8999/\")\n                .contact(new Contact(\"联系人\", \"邮箱\", \"邮箱\"))\n                .version(\"1.0\")\n                .build();\n    }\n}\n```\n## 新建前后端响应工具类\n\n```java\nimport io.swagger.annotations.ApiModelProperty;\nimport lombok.Data;\n\n/**\n * @author ie\n * @ 日期 2019-10-25 14:24\n */\n@Data\npublic class Result<T> {\n    @ApiModelProperty(value = \"状态值\")\n    private int code;\n    @ApiModelProperty(value = \"提示信息\")\n    private String message;\n    @ApiModelProperty(value = \"结果\")\n    private T payload;\n\n    private Result<T> code(int code) {\n        this.code = code;\n        return this;\n    }\n\n    private Result<T> message(String message) {\n        this.message = message;\n        return this;\n    }\n\n    private Result<T> payload(T payload) {\n        this.payload = payload;\n        return this;\n    }\n\n    public static <T> Result<T> ok() {\n        return new Result<T>().code(ResultCode.SUCCESS.getCode()).message(ResultCode.SUCCESS.getMessage()).payload(null);\n    }\n\n    public static <T> Result<T> ok(T payload) {\n        return new Result<T>().code(ResultCode.SUCCESS.getCode()).message(ResultCode.SUCCESS.getMessage()).payload(payload);\n    }\n\n    public static <T> Result<T> fail() {\n        return new Result<T>().code(ResultCode.FAIL.getCode()).message(ResultCode.FAIL.getMessage()).payload(null);\n    }\n\n    public static <T> Result<T> result(int code, String message, T payload) {\n        return new Result<T>().code(code).message(message).payload(payload);\n    }\n}\n\n\n\n```\n\n## 状态码\n```java\n@Getter\npublic enum ResultCode {\n    //成功\n    SUCCESS(20000, \"成功\"),\n    //失败\n    FAIL(40000, \"失败\"),\n    //未认证（签名错误）\n    UNAUTHORIZED(40001, \"未认证（签名错误）\"),\n    //接口不存在\n    NOT_FOUND(40004, \"接口不存在\"),\n    //服务器内部错误\n    INTERNAL_SERVER_ERROR(50000, \"服务器内部错误\"),\n    //TOKEN已过期\n    TOKEN_INVAILD(10001, \"TOKEN已过期\"),\n    //TOKEN无效\n    TOKEN_NOTFOUND(10002, \"TOKEN无效\");\n    private final int code;\n    private final String message;\n\n    ResultCode(int code, String message) {\n        this.code = code;\n        this.message = message;\n    }\n}\n\n\n```\n# Controller 层使用\n\n```java\n    @GetMapping(value = \"/detail\")\n    @ApiOperation(value = \"根据id查询用户\")\n    public Result<User> detail(@RequestParam(\"userId\") Long userId) {\n        log.info(\"根据userId查询用户信息【{}】\", userId);\n        User user = userService.findByUserId(userId);\n        log.info(\"用户信息【{}】\", user.toString());\n        return Result.ok(user);\n    }\n```\n# PageInfo 封装\n\n用于 PageHelper显示属性值\n\n```java\n\nimport com.github.pagehelper.Page;\nimport io.swagger.annotations.ApiModelProperty;\nimport lombok.Data;\n\nimport java.util.Collection;\nimport java.util.List;\n\n/**\n * @author felix\n * @ 日期 2019-06-01 15:57\n */\n@Data\npublic class MyPageInfo<T> {\n    @ApiModelProperty(value = \"当前页\")\n    private int pageNum;\n    @ApiModelProperty(value = \"每页的数量\")\n    private int pageSize;\n    @ApiModelProperty(value = \"当前页的数量\")\n    private int size;\n    /**\n     * 由于startRow和endRow不常用，这里说个具体的用法\n     * 可以在页面中\"显示startRow到endRow 共size条数据\"\n     */\n    @ApiModelProperty(value = \"当前页面第一个元素在数据库中的行号\")\n    private int startRow;\n    @ApiModelProperty(value = \"当前页面最后一个元素在数据库中的行号\")\n    private int endRow;\n    @ApiModelProperty(value = \"总页数\")\n    private int pages;\n    @ApiModelProperty(value = \"前一页\")\n    private int prePage;\n    @ApiModelProperty(value = \"下一页\")\n    private int nextPage;\n    @ApiModelProperty(value = \"是否为第一页\")\n    private boolean firstPage = false;\n    @ApiModelProperty(value = \"是否为最后一页\")\n    private boolean lastPage = false;\n    @ApiModelProperty(value = \"是否有前一页\")\n    private boolean hasPreviousPage = false;\n    @ApiModelProperty(value = \"是否有下一页\")\n    private boolean hasNextPage = false;\n    @ApiModelProperty(value = \"导航页码数\")\n    private int navigatePages;\n    @ApiModelProperty(value = \"所有导航页号\")\n    private int[] navigatepageNums;\n    @ApiModelProperty(value = \"导航条上的第一页\")\n    private int navigateFirstPage;\n    @ApiModelProperty(value = \"导航条上的最后一页\")\n    private int navigateLastPage;\n    @ApiModelProperty(value = \"总页数\")\n    private long total;\n    @ApiModelProperty(value = \"结果集\")\n    private List<T> list;\n\n\n    public MyPageInfo() {\n        this.firstPage = false;\n        this.lastPage = false;\n        this.hasPreviousPage = false;\n        this.hasNextPage = false;\n    }\n\n    public MyPageInfo(List<T> list) {\n        this(list, 8);\n        this.list = list;\n        if (list instanceof Page) {\n            this.total = ((Page) list).getTotal();\n        } else {\n            this.total = (long) list.size();\n        }\n    }\n\n    public MyPageInfo(List<T> list, int navigatePages) {\n        this.firstPage = false;\n        this.lastPage = false;\n        this.hasPreviousPage = false;\n        this.hasNextPage = false;\n        if (list instanceof Page) {\n            Page page = (Page) list;\n            this.pageNum = page.getPageNum();\n            this.pageSize = page.getPageSize();\n            this.pages = page.getPages();\n            this.size = page.size();\n            if (this.size == 0) {\n                this.startRow = 0;\n                this.endRow = 0;\n            } else {\n                this.startRow = page.getStartRow() + 1;\n                this.endRow = this.startRow - 1 + this.size;\n            }\n        } else if (list instanceof Collection) {\n            this.pageNum = 1;\n            this.pageSize = list.size();\n            this.pages = this.pageSize > 0 ? 1 : 0;\n            this.size = list.size();\n            this.startRow = 0;\n            this.endRow = list.size() > 0 ? list.size() - 1 : 0;\n        }\n\n        if (list instanceof Collection) {\n            this.navigatePages = navigatePages;\n            this.calcNavigatepageNums();\n            this.calcPage();\n            this.judgePageBoudary();\n        }\n\n    }\n\n    private void calcNavigatepageNums() {\n        //当总页数小于或等于导航页码数时\n        if (pages <= navigatePages) {\n            navigatepageNums = new int[pages];\n            for (int i = 0; i < pages; i++) {\n                navigatepageNums[i] = i + 1;\n            }\n        } else { //当总页数大于导航页码数时\n            navigatepageNums = new int[navigatePages];\n            int startNum = pageNum - navigatePages / 2;\n            int endNum = pageNum + navigatePages / 2;\n\n            if (startNum < 1) {\n                startNum = 1;\n                //(最前navigatePages页\n                for (int i = 0; i < navigatePages; i++) {\n                    navigatepageNums[i] = startNum++;\n                }\n            } else if (endNum > pages) {\n                endNum = pages;\n                //最后navigatePages页\n                for (int i = navigatePages - 1; i >= 0; i--) {\n                    navigatepageNums[i] = endNum--;\n                }\n            } else {\n                //所有中间页\n                for (int i = 0; i < navigatePages; i++) {\n                    navigatepageNums[i] = startNum++;\n                }\n            }\n        }\n    }\n\n    private void calcPage() {\n        if (this.navigatepageNums != null && this.navigatepageNums.length > 0) {\n            this.navigateFirstPage = this.navigatepageNums[0];\n            this.navigateLastPage = this.navigatepageNums[this.navigatepageNums.length - 1];\n            if (this.pageNum > 1) {\n                this.prePage = this.pageNum - 1;\n            }\n\n            if (this.pageNum < this.pages) {\n                this.nextPage = this.pageNum + 1;\n            }\n        }\n\n    }\n\n    private void judgePageBoudary() {\n        this.firstPage = this.pageNum == 1;\n        this.lastPage = this.pageNum == this.pages || this.pages == 0;\n        this.hasPreviousPage = this.pageNum > 1;\n        this.hasNextPage = this.pageNum < this.pages;\n    }\n}\n```\n# 对pagehelp的使用方式\n```java\n    @GetMapping(value = \"/list\")\n    @ApiOperation(value = \"获取用户列表\")\n    public ResponseData<MyPageInfo<User>> getList(@RequestParam(value = \"page\", defaultValue = \"1\") Integer page, @RequestParam(value = \"size\", defaultValue = \"10\") Integer size) {\n        PageHelper.startPage(page, size);\n        List<User> list = userService.getList();\n        log.info(\"查询用户列表记录数为 ：【{}】\", list.size());\n        MyPageInfo<User> pageInfo = new MyPageInfo<>(list);\n        return ResultGenerator.successResult(pageInfo);\n    }\n```\n## 参考\n[pagehelp文档](https://github.com/pagehelper/Mybatis-PageHelper)'),(241,'```java\npublic class JSON {\n    private final static ObjectMapper MAPPER = new ObjectMapper();\n\n    static {\n\n        // 美化输出\n        //  mapper.enable(SerializationFeature.INDENT_OUTPUT);\n        // 允许序列化空的POJO类\n        // （否则会抛出异常）\n        MAPPER.disable(SerializationFeature.FAIL_ON_EMPTY_BEANS);\n        // 把java.util.Date, Calendar输出为数字（时间戳）\n        MAPPER.disable(SerializationFeature.WRITE_DATES_AS_TIMESTAMPS);\n        // 在遇到未知属性的时候不抛出异常\n        MAPPER.disable(DeserializationFeature.FAIL_ON_UNKNOWN_PROPERTIES);\n        // 强制JSON 空字符串(\"\")转换为null对象值:\n        MAPPER.enable(DeserializationFeature.ACCEPT_EMPTY_STRING_AS_NULL_OBJECT);\n        // 在JSON中允许C/C++ 样式的注释(非标准，默认禁用)\n        MAPPER.configure(JsonParser.Feature.ALLOW_COMMENTS, true);\n        // 允许没有引号的字段名（非标准）\n        MAPPER.configure(JsonParser.Feature.ALLOW_UNQUOTED_FIELD_NAMES, true);\n        // 允许单引号（非标准）\n        MAPPER.configure(JsonParser.Feature.ALLOW_SINGLE_QUOTES, true);\n        // 强制转义非ASCII字符\n        MAPPER.configure(JsonGenerator.Feature.ESCAPE_NON_ASCII, true);\n        //所有的日期格式都统一为以下的样式，即yyyy-MM-dd HH:mm:ss\n        MAPPER.setDateFormat(new SimpleDateFormat(\"yyyy-MM-dd HH:mm:ss\"));\n\n        // 将内容包裹为一个JSON属性，属性名由@JsonRootName注解指定\n        // mapper.configure(SerializationFeature.WRAP_ROOT_VALUE, true);\n        MAPPER.registerModule(new JavaTimeModule());\n\n    }\n\n    public static void main(String[] args) {\n\n        List<Test> tests = new ArrayList<>();\n        Test test = new Test();\n        test.setId(1);\n        test.setTest(\"test\");\n        test.setTid(10L);\n        test.setDate(new Date());\n        test.setDateTime(LocalDateTime.now());\n        tests.add(test);\n\n\n\n        String s = toJSONString(test);\n        String s1 = toJSONString(tests);\n\n        System.out.println(s1);\n        System.out.println(s);\n\n        Test test1 = parseObject(s, Test.class);\n        System.out.println(test1);\n        System.out.println(parseMap(s));\n\n        List<Object> objects = parseArray(s1);\n        System.out.println(objects);\n\n        System.out.println(Ball.ball(1));\n\n\n    }\n\n\n    public static <T> T parseObject(String text, Class<T> clazz) {\n        if (!StringUtils.isEmpty(clazz)) {\n            try {\n                return MAPPER.readValue(text, clazz);\n            } catch (IOException e) {\n                e.printStackTrace();\n            }\n        }\n        return null;\n    }\n\n    public static Map<String, Object> parseMap(String text) {\n        if (!StringUtils.isEmpty(text)) {\n            return new JacksonJsonParser().parseMap(text);\n        }\n        return null;\n    }\n\n    public static <T> List<T> parseArray(String text, Class<T> clazz) {\n        if (!StringUtils.isEmpty(text)) {\n            try {\n                JavaType javaType = MAPPER.getTypeFactory().constructParametricType(List.class, clazz);\n                return MAPPER.readValue(text, javaType);\n            } catch (IOException e) {\n                e.printStackTrace();\n            }\n        }\n        return null;\n    }\n\n    public static List<Object> parseArray(String text) {\n        if (!StringUtils.isEmpty(text)) {\n            return new JacksonJsonParser().parseList(text);\n        }\n        return null;\n    }\n\n\n    public static String toJSONString(Object clazz) {\n        if (!StringUtils.isEmpty(clazz)) {\n            try {\n                return MAPPER.writeValueAsString(clazz);\n            } catch (JsonProcessingException e) {\n                e.printStackTrace();\n            }\n        }\n        return null;\n    }\n\n}\n\n```\n'),(242,'```go\n\npackage handler\n\nimport (\n	\"github.com/gin-gonic/gin\"\n	\"net/http\"\n)\n\nfunc Cors() gin.HandlerFunc {\n	return func(c *gin.Context) {\n		method := c.Request.Method               //请求方法\n		origin := c.Request.Header.Get(\"Origin\") //请求头部\n		originDomains := []string{\"http://localhost:3000\"}\n		inArraysFlag := false\n		for _, value := range originDomains {\n			if origin == value {\n				inArraysFlag = true\n				break\n			}\n		}\n		if origin != \"\" && inArraysFlag {\n			// 这是允许访问所有域\n			c.Header(\"Access-Control-Allow-Origin\", origin)\n			//服务器支持的所有跨域请求的方法,为了避免浏览次请求的多次\'预检\'请求\n			c.Header(\"Access-Control-Allow-Methods\", \"POST, GET, OPTIONS, PUT, DELETE,UPDATE\")\n			//  header的类型\n			c.Header(\"Access-Control-Allow-Headers\", \"Authorization, Content-Length, X-CSRF-Token, Token,session,X_Requested_With,Accept, Origin, Host, Connection, Accept-Encoding, Accept-Language,DNT, X-CustomHeader, Keep-Alive, User-Agent, X-Requested-With, If-Modified-Since, Cache-Control, Content-Type, Pragma\")\n			// 允许跨域设置 可以返回其他子段\n			c.Header(\"Access-Control-Expose-Headers\", \"Content-Length, Access-Control-Allow-Origin, Access-Control-Allow-Headers,Cache-Control,Content-Language,Content-Type,Expires,Last-Modified,Pragma,FooBar\")\n			// 跨域关键设置 让浏览器可以解析\n			c.Header(\"Access-Control-Max-Age\", \"172800\")\n			// 缓存请求信息 单位为秒\n			c.Header(\"Access-Control-Allow-Credentials\", \"false\")\n			//  跨域请求是否需要带cookie信息 默认设置为true\n			c.Set(\"content-type\", \"application/json\")\n			// 设置返回格式是json\n		}\n		//放行所有OPTIONS方法\n		if method == \"OPTIONS\" {\n			c.JSON(http.StatusOK, \"Options Request!\")\n		}\n		// 处理请求\n		c.Next() //  处理请求\n	}\n}\nfunc CorsHandler() gin.HandlerFunc {\n	return func(c *gin.Context) {\n		method := c.Request.Method\n		origin := c.Request.Header.Get(\"Origin\")\n		if origin != \"\" {\n			c.Header(\"Access-Control-Allow-Origin\", origin)\n			c.Header(\"Access-Control-Allow-Methods\", \"POST, GET, OPTIONS, PUT, DELETE, UPDATE\")\n			c.Header(\"Access-Control-Allow-Headers\", \"Origin, X-Requested-With, Content-Type, Accept, Authorization\")\n			c.Header(\"Access-Control-Expose-Headers\", \"Content-Length, Access-Control-Allow-Origin, Access-Control-Allow-Headers, Cache-Control, Content-Language, Content-Type\")\n			c.Header(\"Access-Control-Allow-Credentials\", \"false\")\n			c.Set(\"content-type\", \"application/json\")\n		}\n		if method == \"OPTIONS\" {\n			c.AbortWithStatus(http.StatusNoContent)\n		}\n		c.Next()\n	}\n}\n\n\n```\n'),(243,'```java\n private static final String SYMBOLS = \"0123456789abcdefghijklmnopqrstuvwxyzABCDEFGHIJKLMNOPQRSTUVWXYZ\";\n\n    private static final Random RANDOM = new SecureRandom();\n\n /**\n     * 获取随机字符串 Nonce Str\n     *\n     * @return String 随机字符串\n     */\n    public static String generateNonceStr() {\n        char[] nonceChars = new char[32];\n        for (int index = 0; index < nonceChars.length; ++index) {\n            nonceChars[index] = SYMBOLS.charAt(RANDOM.nextInt(SYMBOLS.length()));\n        }\n        return new String(nonceChars);\n    }\n\n\n```\n'),(245,'# 解决方法一：使用淘宝镜像源\n由于国内网络环境的问题，这个下载时间可能会很长，甚至导致超时失败。解决方式使用国内淘宝镜像源，\n设置全局镜像源\n```shell\nnpm config set sass_binary_site https://npm.taobao.org/mirrors/node-sass/\n```\nyarn 方式\n```shell\nyarn config set sass_binary_site https://npm.taobao.org/mirrors/node-sass/\n```\n# 安装失败后重新安装问题\n安装失败后可以先卸载再重新安装\n```shell\nnpm uninstall node-sass\n```\n```shell\nyarn remove node-sass\n```\n\n## 重新安装\n\n```shell\n npm  install node-sass  or\n yarn add node-sass\n```\n'),(246,'spring项目中经常用到定时任务，\n\n@[TOC](目录)\n# @Scheduled 定时任务\n\n```java\n@Component\npublic class ScheduledTest {\n    /**\n     * 定时任务\n     */\n    @Scheduled(cron = \"\")\n    public void scheduledTest() {\n        System.out.println(\"定时开始 \" + new Date());\n    }\n}\n\n```\n## cron 解释\ncron表达式是一个字符串，分为6或7个域，每两个域之间用空格分隔，其语法格式为：\n\n\"秒域 分域 时域 日域 月域 周域 年域\"\n\n其中，年域可以省略，省略时表示每年。\n\n\n## 定时任务启用\n在启动类上添加`@EnableScheduling` 开启定时任务\n\n常用 cron 表达式\n\n    每隔5秒执行一次：*/5 * * * * ?\n\n    每隔1分钟执行一次：0 */1 * * * ?\n\n    每天23点执行一次：0 0 23 * * ?\n\n    每天凌晨1点执行一次：0 0 1 * * ?\n\n    每月1号凌晨1点执行一次：0 0 1 1 * ?\n\n    每月最后一天23点执行一次：0 0 23 L * ?\n\n    每周星期天凌晨1点实行一次：0 0 1 ? * L\n\n    在26分、29分、33分执行一次：0 26,29,33 * * * ?\n\n    每天的0点、13点、18点、21点都执行一次：0 0 0,13,18,21 * * ?\ncron 表达式在线生成 [https://www.bejson.com/othertools/cron/](https://www.bejson.com/othertools/cron/)\n\n# Quartz\n## 介绍\n\nQuartz是OpenSymphony开源组织在Job scheduling领域又一个开源项目，Quartz是一个完全由java编写的开源作业调度框架。\n\n## 使用\n![Snipaste_2020-07-14_00-21-04.png](https://i.loli.net/2020/07/22/hY6V3b8yqZlzLkC.png)\n\nQuartz的基本组成部分：\n\n调度器：Scheduler\n任务：JobDetail\n触发器：Trigger，包括SimpleTrigger和CronTrigger\n\n## springboot Demo\n```java\n<dependency>\n     <groupId>org.springframework.boot</groupId>\n     <artifactId>spring-boot-starter-quartz</artifactId>\n </dependency>\n\n```\n\n## 创建job \n\n```java\n\nimport org.quartz.Job;\nimport org.quartz.JobExecutionContext;\nimport org.quartz.JobExecutionException;\n\npublic class HelloJob implements Job {\n    @Override\n    public void execute(JobExecutionContext jobExecutionContext) throws JobExecutionException {\n        System.out.println(\"hello job\");\n    }\n}\n\n```\n\n## 创建Schedule\n```java\n\nimport org.quartz.*;\nimport org.quartz.impl.StdSchedulerFactory;\n\nimport java.util.concurrent.TimeUnit;\n\npublic class MyQuartz {\n    public static void main(String[] args) throws SchedulerException, InterruptedException {\n        // 1、创建调度器Scheduler\n        SchedulerFactory schedulerFactory = new StdSchedulerFactory();\n        Scheduler scheduler = schedulerFactory.getScheduler();\n        // 2、创建JobDetail实例\n        JobDetail jobDetail = JobBuilder.newJob(HelloJob.class).withIdentity(\"job1\", \"group1\").build();\n\n        // 3、构建Trigger实例,每隔1s执行一次\n        Trigger trigger = TriggerBuilder.newTrigger().withIdentity(\"trigger1\", \"triggerGroup1\")\n                .startNow()\n                .withSchedule(SimpleScheduleBuilder.simpleSchedule()\n                        //每隔1s执行一次\n                        .withIntervalInSeconds(1)\n                        //一直执行\n                        .repeatForever()).build();\n        //4、执行\n        scheduler.scheduleJob(jobDetail, trigger);\n        System.out.println(\"--------scheduler start ! ------------\");\n        scheduler.start();\n        //睡眠\n        TimeUnit.MINUTES.sleep(1);\n        scheduler.shutdown();\n        System.out.println(\"--------scheduler shutdown ! ------------\");\n    }\n}\n\n```\n\n配置\n```yml\nserver:\n  port: 8080\nspring:\n  datasource:\n    url: jdbc:mysql://127.0.0.1:3306/quartz?useUnicode=true&characterEncoding=UTF-8&useSSL=false&autoReconnect=true&failOverReadOnly=false&serverTimezone=GMT%2B8\n    username: root\n    password: 123456\n    driver-class-name: com.mysql.cj.jdbc.Driver\n    type: com.zaxxer.hikari.HikariDataSource\n    hikari:\n      minimum-idle: 5\n      connection-test-query: SELECT 1 FROM DUAL\n      maximum-pool-size: 20\n      auto-commit: true\n      idle-timeout: 30000\n      pool-name: SpringBootDemoHikariCP\n      max-lifetime: 60000\n      connection-timeout: 30000\n  quartz:\n    # 参见 org.springframework.boot.autoconfigure.quartz.QuartzProperties\n    job-store-type: jdbc\n    wait-for-jobs-to-complete-on-shutdown: true\n    scheduler-name: SpringBootDemoScheduler\n    properties:\n      org.quartz.threadPool.threadCount: 5\n      org.quartz.threadPool.threadPriority: 5\n      org.quartz.threadPool.threadsInheritContextClassLoaderOfInitializingThread: true\n      org.quartz.jobStore.misfireThreshold: 5000\n      org.quartz.jobStore.class: org.quartz.impl.jdbcjobstore.JobStoreTX\n      org.quartz.jobStore.driverDelegateClass: org.quartz.impl.jdbcjobstore.StdJDBCDelegate\n      # 在调度流程的第一步，也就是拉取待即将触发的triggers时，是上锁的状态，即不会同时存在多个线程拉取到相同的trigger的情况，也就避免的重复调度的危险。参考：https://segmentfault.com/a/1190000015492260\n      org.quartz.jobStore.acquireTriggersWithinLock: true\nlogging:\n  level:\n    com.example.demo: debug\n    org.quartz: debug\n\n\n```\n\n```java\n@Service\n@Slf4j\npublic class JobServiceImpl implements JobService {\n    private final Scheduler scheduler;\n    private final JobMapper jobMapper;\n\n    @Autowired\n    public JobServiceImpl(Scheduler scheduler, JobMapper jobMapper) {\n        this.scheduler = scheduler;\n        this.jobMapper = jobMapper;\n    }\n\n    /**\n     * 添加并启动定时任务\n     *\n     * @param form 表单参数 {@link JobForm}\n     * @return {@link JobDetail}\n     * @throws Exception 异常\n     */\n    @Override\n    public void addJob(JobForm form) throws Exception {\n        // 启动调度器\n        scheduler.start();\n\n        // 构建Job信息\n        JobDetail jobDetail = JobBuilder.newJob(JobUtil.getClass(form.getJobClassName()).getClass()).withIdentity(form.getJobClassName(), form.getJobGroupName()).build();\n\n        // Cron表达式调度构建器(即任务执行的时间)\n        CronScheduleBuilder cron = CronScheduleBuilder.cronSchedule(form.getCronExpression());\n\n        //根据Cron表达式构建一个Trigger\n        CronTrigger trigger = TriggerBuilder.newTrigger().withIdentity(form.getJobClassName(), form.getJobGroupName()).withSchedule(cron).build();\n\n        try {\n            scheduler.scheduleJob(jobDetail, trigger);\n        } catch (SchedulerException e) {\n            log.error(\"【定时任务】创建失败！\", e);\n            throw new Exception(\"【定时任务】创建失败！\");\n        }\n\n    }\n\n    /**\n     * 删除定时任务\n     *\n     * @param form 表单参数 {@link JobForm}\n     * @throws SchedulerException 异常\n     */\n    @Override\n    public void deleteJob(JobForm form) throws SchedulerException {\n        scheduler.pauseTrigger(TriggerKey.triggerKey(form.getJobClassName(), form.getJobGroupName()));\n        scheduler.unscheduleJob(TriggerKey.triggerKey(form.getJobClassName(), form.getJobGroupName()));\n        scheduler.deleteJob(JobKey.jobKey(form.getJobClassName(), form.getJobGroupName()));\n    }\n\n    /**\n     * 暂停定时任务\n     *\n     * @param form 表单参数 {@link JobForm}\n     * @throws SchedulerException 异常\n     */\n    @Override\n    public void pauseJob(JobForm form) throws SchedulerException {\n        scheduler.pauseJob(JobKey.jobKey(form.getJobClassName(), form.getJobGroupName()));\n    }\n\n    /**\n     * 恢复定时任务\n     *\n     * @param form 表单参数 {@link JobForm}\n     * @throws SchedulerException 异常\n     */\n    @Override\n    public void resumeJob(JobForm form) throws SchedulerException {\n        scheduler.resumeJob(JobKey.jobKey(form.getJobClassName(), form.getJobGroupName()));\n    }\n\n    /**\n     * 重新配置定时任务\n     *\n     * @param form 表单参数 {@link JobForm}\n     * @throws Exception 异常\n     */\n    @Override\n    public void cronJob(JobForm form) throws Exception {\n        try {\n            TriggerKey triggerKey = TriggerKey.triggerKey(form.getJobClassName(), form.getJobGroupName());\n            // 表达式调度构建器\n            CronScheduleBuilder scheduleBuilder = CronScheduleBuilder.cronSchedule(form.getCronExpression());\n\n            CronTrigger trigger = (CronTrigger) scheduler.getTrigger(triggerKey);\n\n            // 根据Cron表达式构建一个Trigger\n            trigger = trigger.getTriggerBuilder().withIdentity(triggerKey).withSchedule(scheduleBuilder).build();\n\n            // 按新的trigger重新设置job执行\n            scheduler.rescheduleJob(triggerKey, trigger);\n        } catch (SchedulerException e) {\n            log.error(\"【定时任务】更新失败！\", e);\n            throw new Exception(\"【定时任务】创建失败！\");\n        }\n    }\n\n    /**\n     * 查询定时任务列表\n     *\n     * @param currentPage 当前页\n     * @param pageSize    每页条数\n     * @return 定时任务列表\n     */\n    @Override\n    public PageInfo<JobAndTrigger> list(Integer currentPage, Integer pageSize) {\n        PageHelper.startPage(currentPage, pageSize);\n        List<JobAndTrigger> list = jobMapper.list();\n        return new PageInfo<>(list);\n    }\n}\n\n```'),(247,'支付完成后，微信会把相关支付结果和用户信息发送给商户，商户需要接收处理，并返回应答。\n对后台通知交互时，如果微信收到商户的应答不是成功或超时，微信认为通知失败，微信会通过一定的策略定期重新发起通知，尽可能提高通知的成功率，但微信不保证通知最终能成功。 （通知频率为15/15/30/180/1800/1800/1800/1800/3600，单位：秒）\n注意：同样的通知可能会多次发送给商户系统。商户系统必须能够正确处理重复的通知。\n推荐的做法是，当收到通知进行处理时，首先检查对应业务数据的状态，判断该通知是否已经处理过，如果没有处理过再进行处理，如果处理过直接返回结果成功。在对业务数据进行状态检查和处理之前，要采用数据锁进行并发控制，以避免函数重入造成的数据混乱。\n特别提醒：商户系统对于支付结果通知的内容一定要做签名验证，防止数据泄漏导致出现“假通知”，造成资金损失。\n//支付结果通知接口\n\n```java\n\n  @RequestMapping(\"/qlydweixinotify.do\")\n  public void weixinotify(HttpServletRequest request,\n      HttpServletResponse response) {\n    PrintWriter out = null;\n    StringBuffer xmlStr = new StringBuffer();\n    try {\n      BufferedReader reader = request.getReader();\n      String line = null;\n      while ((line = reader.readLine()) != null) {\n        xmlStr.append(line);\n      }  \n      Logger.getLogger(getClass()).debug(\"支付回调通知：\"+xmlStr.toString());\n      //检查xml是否有效\n      boolean flag=Signature.checkIsSignValidFromResponseString(xmlStr.toString());\n      WeixinNotifyResult result=null;\n      if(flag){\n        NotifyResData wxData=(NotifyResData) Util.getObjectFromXML(xmlStr.toString(),NotifyResData.class);\n        if(wxData !=null){\n          if(\"SUCCESS\".equals(wxData.getReturn_code())&&\"SUCCESS\".equals(wxData.getResult_code())){\n            OrderPayInfo orderPayInfo = new OrderPayInfo();\n            orderPayInfo.setOrderNum(wxData.getOut_trade_no());\n            orderPayInfo.setPayNum(wxData.getTransaction_id());\n            orderPayInfo.setPayPrice((double)wxData.getTotal_fee()/100+\"\");\n            orderPayInfo.setPaySource(wxData.getOpenid());\n            orderPayInfo.setPayTime(wxData.getTime_end());\n            orderPayInfo.setPayType(\"2\");//1支付宝，2微信支付\n            OrderMessage returnMessage = orderProductServer\n                .completeProductOrder(orderPayInfo);\n            if (OrderStatus.FAIL.equals(returnMessage\n                .getOrderStatus())) {\n              Logger.getLogger(getClass()).error(\"远程接口完成订单失败\");\n              result=new WeixinNotifyResult(\"FAIL\");\n              result.setReturn_msg(\"远程接口完成订单失败\");\n            } else {\n              result=new WeixinNotifyResult(\"SUCCESS\");\n              result.setReturn_msg(\"成功\");\n            }\n          }else{\n            result=new WeixinNotifyResult(\"FAIL\");\n            result.setReturn_msg(\"失败\");\n          }\n        }else{\n          result=new WeixinNotifyResult(\"FAIL\");\n          result.setReturn_msg(\"解析参数格式失败\");\n        }\n      }else{\n        result=new WeixinNotifyResult(\"FAIL\");\n        result.setReturn_msg(\"签名失败\");\n      }\n      response.getWriter().write(result.toString());\n    } catch (Exception e) {\n      Logger.getLogger(getClass()).error(\"qlydweixinotify.do\", e);\n      ResponeDeal.getInstance().sendResponseStr(response, \"404\", \"连接超时\");\n    } finally {\n      if (out != null) {\n        out.close();\n      }\n    }\n  }\n```\n模拟http请求工具类：\n\n```java\n\nHttpsRequestUtil.java\n\npackage com.qlwb.weixin.util;\n \nimport java.io.IOException;\n \nimport org.apache.commons.httpclient.HttpClient;\nimport org.apache.commons.httpclient.HttpException;\nimport org.apache.commons.httpclient.methods.PostMethod;\nimport org.apache.commons.httpclient.methods.RequestEntity;\nimport org.apache.commons.httpclient.methods.StringRequestEntity;\nimport org.apache.log4j.Logger;\n \nimport com.qlwb.weixin.common.Configure;\nimport com.qlwb.weixin.common.Util;\nimport com.qlwb.weixin.protocol.pay_protocol.WxPayReqData;\nimport com.qlwb.weixin.protocol.payquery_protocol.PayQueryReqData;\n \npublic class HttpsRequestUtil {\n \n  /**\n   * \n   * @方法名称:sendWxPayRequest\n   * @内容摘要: ＜发送统一下单请求＞\n   * @param body\n   * @param outTradeNo\n   * @param totalFee\n   * @param spBillCreateIP\n   * @return \n   * String\n   * @exception \n   * @author:鹿伟伟\n   * @创建日期:2016年2月19日-下午2:24:05\n   */\n  public String sendWxPayRequest(String body,String detail,String outTradeNo,int totalFee,String spBillCreateIP\n      )\n \n  {\n    // 构造HTTP请求\n    HttpClient httpclient = new HttpClient();\n \n    PostMethod postMethod = new PostMethod(Configure.PAY_API);\n \n    WxPayReqData wxdata = new WxPayReqData(body,detail,outTradeNo,totalFee,spBillCreateIP);\n \n    String requestStr=\"\";\n    requestStr=Util.ConvertObj2Xml(wxdata);\n    // 发送请求\n    String strResponse = null;\n    try {\n      RequestEntity entity = new StringRequestEntity(\n          requestStr.toString(), \"text/xml\", \"UTF-8\");\n      postMethod.setRequestEntity(entity);\n      httpclient.executeMethod(postMethod);\n      strResponse = new String(postMethod.getResponseBody(), \"utf-8\");\n      Logger.getLogger(getClass()).debug(strResponse);\n    } catch (HttpException e) {\n      Logger.getLogger(getClass()).error(\"sendWxPayRequest\", e);\n    } catch (IOException e) {\n      Logger.getLogger(getClass()).error(\"sendWxPayRequest\", e);\n    } finally {\n      postMethod.releaseConnection();\n    }\n    return strResponse;\n  }\n  /**\n   * \n   * @方法名称:orderQueryRequest\n   * @内容摘要: ＜查询订单信息＞\n   * @param transaction_id 微信的订单号，优先使用\n   * @return \n   * String\n   * @exception \n   * @author:鹿伟伟\n   * @创建日期:2016年2月19日-下午2:44:11\n   */\n  public String orderQueryRequest(String transactionID, String outTradeNo\n      )\n \n  {\n    // 构造HTTP请求\n    HttpClient httpclient = new HttpClient();\n \n    PostMethod postMethod = new PostMethod(Configure.PAY_QUERY_API);\n \n    PayQueryReqData wxdata = new PayQueryReqData(transactionID,outTradeNo);\n \n    String requestStr=\"\";\n    requestStr=Util.ConvertObj2Xml(wxdata);\n    // 发送请求\n    String strResponse = null;\n    try {\n      RequestEntity entity = new StringRequestEntity(\n          requestStr.toString(), \"text/xml\", \"UTF-8\");\n      postMethod.setRequestEntity(entity);\n      httpclient.executeMethod(postMethod);\n      strResponse = new String(postMethod.getResponseBody(), \"utf-8\");\n \n    } catch (HttpException e) {\n      Logger.getLogger(getClass()).error(\"orderQueryRequest\", e);\n    } catch (IOException e) {\n      Logger.getLogger(getClass()).error(\"orderQueryRequest\", e);\n    } finally {\n      postMethod.releaseConnection();\n    }\n    return strResponse;\n  }\n}\n```\n[参考](https://www.ctolib.com/YClimb-wxpay-sdk.html)'),(248,'title: SpringBoot+druid多数据源\ncomments: true\ntags: SpringBoot\ncategories: java\ndate: 2019-03-15 16:48:47\nkeywords:\ndescription:\n---\n\n# 开始 \n\n项目开发中存在不止一个数据库的情况，需要用到多数据源配置，进行相关业务开发。\n\n> 实现方式\n\n使用方式与单个druid配置相同\n# pom\n```java\n <dependency>\n    <groupId>com.alibaba</groupId>\n    <artifactId>druid-spring-boot-starter</artifactId>\n    <version>1.1.14</version>\n</dependency>\n```\n# 配置文件\n> application配置\n\n```java\n#第一个数据配置\nspring.datasource.username=root\nspring.datasource.password=root\nspring.datasource.driver-class-name=com.mysql.jdbc.Driver\nspring.datasource.url=jdbc:mysql://localhost:3306/test?characterEncoding=utf-8&useSSL=false&serverTimezone=Asia/Shanghai\n\n# 连接池指定 springboot版本默认使用HikariCP 此处要替换成Druid\nspring.datasource.type=com.alibaba.druid.pool.DruidDataSource\n\n## 初始化连接池的连接数量 大小，最小，最大\nspring.datasource.druid.initial-size=1\nspring.datasource.druid.min-idle=1\nspring.datasource.druid.max-active=20\n## 配置获取连接等待超时的时间\nspring.datasource.druid.max-wait=60000\n# 配置间隔多久才进行一次检测，检测需要关闭的空闲连接，单位是毫秒\nspring.datasource.druid.time-between-eviction-runs-millis=60000\n# 配置一个连接在池中最小生存的时间，单位是毫秒\nspring.datasource.druid.min-evictable-idle-time-millis=300000\nspring.datasource.druid.validation-query=SELECT \'x\'\nspring.datasource.druid.test-on-borrow=false\nspring.datasource.druid.test-on-return=false\nspring.datasource.druid.filter.stat.log-slow-sql=true\n# 是否缓存preparedStatement，也就是PSCache  官方建议MySQL下建议关闭   个人建议如果想用SQL防火墙 建议打开\nspring.datasource.druid.pool-prepared-statements=false\nspring.datasource.druid.max-pool-prepared-statement-per-connection-size=20\n# 配置监控统计拦截的filters，去掉后监控界面sql无法统计，\'wall\'用于防火墙\nspring.datasource.druid.filters=stat,wall\nspring.datasource.druid.test-while-idle=true\n#Spring监控，对内部各接口调用的监控\nspring.datasource.druid.aop-patterns=com.felix.project.controller.*,com.felix.project.mapper.*,com.felix.project.service.*\n\n# 第二个数据库配置\nspring.datasource.felix.username=root\nspring.datasource.felix.password=root\nspring.datasource.felix.driver-class-name=com.mysql.jdbc.Driver\nspring.datasource.felix.url=jdbc:mysql://localhost:3306/test1?characterEncoding=utf-8&useSSL=false&serverTimezone=Asia/Shanghai\n# 连接池指定 springboot版本默认使用HikariCP 此处要替换成Druid\nspring.datasource.felix.type=com.alibaba.druid.pool.DruidDataSource\n## 初始化连接池的连接数量 大小，最小，最大\nspring.datasource.felix.druid.initial-size=1\nspring.datasource.felix.druid.min-idle=1\nspring.datasource.felix.druid.max-active=20\n## 配置获取连接等待超时的时间\nspring.datasource.felix.druid.max-wait=60000\n# 配置间隔多久才进行一次检测，检测需要关闭的空闲连接，单位是毫秒\nspring.datasource.felix.druid.time-between-eviction-runs-millis=60000\n# 配置一个连接在池中最小生存的时间，单位是毫秒\nspring.datasource.felix.druid.min-evictable-idle-time-millis=300000\nspring.datasource.felix.druid.validation-query=SELECT \'x\'\nspring.datasource.felix.druid.test-on-borrow=false\nspring.datasource.felix.druid.test-on-return=false\nspring.datasource.felix.druid.filter.stat.log-slow-sql=true\n# 是否缓存preparedStatement，也就是PSCache  官方建议MySQL下建议关闭   个人建议如果想用SQL防火墙 建议打开\nspring.datasource.felix.druid.pool-prepared-statements=false\nspring.datasource.felix.druid.max-pool-prepared-statement-per-connection-size=20\n# 配置监控统计拦截的filters，去掉后监控界面sql无法统计，\'wall\'用于防火墙\nspring.datasource.felix.druid.filters=stat,wall\nspring.datasource.felix.druid.test-while-idle=true\n#Spring监控，对内部各接口调用的监控\nspring.datasource.felix.druid.aop-patterns=com.felix.project.controller.*,com.felix.project.mapper.*,com.felix.project.service.*\n\n\nmybatis.mapper-locations=classpath:mapper/*.xml,classpath:mapper2/*.xml\nmybatis.type-aliases-package=com.felix.project.model\nmapper.not-empty=false\nmapper.identity=MYSQL\n\n```\n> yml 配置文件相类似\n\n## 第一个config类\n> 新建两个druid配置,采用手动配置的方式，避免druid不能监控到SQL\n第一个配置文件\n```java\nimport com.alibaba.druid.pool.DruidDataSource;\nimport org.apache.ibatis.session.SqlSessionFactory;\nimport org.mybatis.spring.SqlSessionFactoryBean;\nimport org.springframework.beans.factory.annotation.Qualifier;\nimport org.springframework.beans.factory.annotation.Value;\nimport org.springframework.context.annotation.Bean;\nimport org.springframework.context.annotation.Configuration;\nimport org.springframework.context.annotation.Primary;\nimport org.springframework.core.io.support.PathMatchingResourcePatternResolver;\nimport org.springframework.jdbc.datasource.DataSourceTransactionManager;\nimport tk.mybatis.spring.annotation.MapperScan;\n\nimport javax.sql.DataSource;\nimport java.sql.SQLException;\n\n@Configuration\n@MapperScan(basePackages =\"com.felix.project.mapper\", sqlSessionFactoryRef = \"masterSqlSessionFactory\")\npublic class DruidConfig {\n\n    @Value(\"${spring.datasource.url}\")\n    private String url;\n    @Value(\"${spring.datasource.username}\")\n    private String username;\n    @Value(\"${spring.datasource.password}\")\n    private String password;\n    @Value(\"${spring.datasource.driver-class-name}\")\n    private String driverClassName;\n    @Value(\"${spring.datasource.druid.initial-size}\")\n    private int initialSize;\n    @Value(\"${spring.datasource.druid.min-idle}\")\n    private int minIdle;\n    @Value(\"${spring.datasource.druid.max-active}\")\n    private int maxActive;\n    @Value(\"${spring.datasource.druid.max-wait}\")\n    private int maxWait;\n    @Value(\"${spring.datasource.druid.time-between-eviction-runs-millis}\")\n    private int timeBetweenEvictionRunsMillis;\n    @Value(\"${spring.datasource.druid.min-evictable-idle-time-millis}\")\n    private int minEvictableIdleTimeMillis;\n    @Value(\"${spring.datasource.druid.validation-query}\")\n    private String validationQuery;\n    @Value(\"${spring.datasource.druid.test-while-idle}\")\n    private boolean testWhileIdle;\n    @Value(\"${spring.datasource.druid.test-on-borrow}\")\n    private boolean testOnBorrow;\n    @Value(\"${spring.datasource.druid.test-on-return}\")\n    private boolean testOnReturn;\n    @Value(\"${spring.datasource.druid.pool-prepared-statements}\")\n    private boolean poolPreparedStatements;\n    @Value(\"${spring.datasource.druid.max-pool-prepared-statement-per-connection-size}\")\n    private int maxPoolPreparedStatementPerConnectionSize;\n    @Value(\"${spring.datasource.druid.filters}\")\n    private String filters;\n    @Value(\"${spring.datasource.druid.aop-patterns}\")\n    private String[] aopPatterns;\n    /**\n     * 创建数据源\n     *\n     * @return DataSource\n     */\n    @Bean(name = \"masterDataSource\")\n    @Primary\n    public DataSource masterDataSource() {\n        DruidDataSource datasource = new DruidDataSource();\n        datasource.setUrl(url);\n        datasource.setUsername(username);\n        datasource.setPassword(password);\n        datasource.setDriverClassName(driverClassName);\n        datasource.setInitialSize(initialSize);\n        datasource.setMinIdle(minIdle);\n        datasource.setMaxActive(maxActive);\n        datasource.setMaxWait(maxWait);\n        datasource.setTimeBetweenEvictionRunsMillis(timeBetweenEvictionRunsMillis);\n        datasource.setMinEvictableIdleTimeMillis(minEvictableIdleTimeMillis);\n        datasource.setValidationQuery(validationQuery);\n        datasource.setTestWhileIdle(testWhileIdle);\n        datasource.setTestOnBorrow(testOnBorrow);\n        datasource.setTestOnReturn(testOnReturn);\n        datasource.setPoolPreparedStatements(poolPreparedStatements);\n        try {\n            datasource.setFilters(filters);\n        } catch (SQLException e) {\n            e.printStackTrace();\n        }\n        return datasource;\n    }\n\n    // 创建该数据源的事务管理\n    @Primary\n    @Bean(name = \"primaryTransactionManager\")\n    public DataSourceTransactionManager primaryTransactionManager() throws SQLException {\n        return new DataSourceTransactionManager(masterDataSource());\n    }\n\n    // 创建Mybatis的连接会话工厂实例\n    @Primary\n    @Bean(name = \"masterSqlSessionFactory\")\n    public SqlSessionFactory primarySqlSessionFactory(@Qualifier(\"masterDataSource\") DataSource primaryDataSource) throws Exception {\n        final SqlSessionFactoryBean sessionFactory = new SqlSessionFactoryBean();\n        sessionFactory.setDataSource(primaryDataSource);  // 设置数据源bean\n        sessionFactory.setMapperLocations(new PathMatchingResourcePatternResolver()\n                .getResources(\"classpath:mapper/*.xml\"));  // 设置mapper文件路径\n        return sessionFactory.getObject();\n    }\n}\n```\n## 第二config类\n\n```java\npackage com.felix.project.config;\n\nimport com.alibaba.druid.pool.DruidDataSource;\nimport org.apache.ibatis.session.SqlSessionFactory;\nimport org.mybatis.spring.SqlSessionFactoryBean;\nimport org.springframework.beans.factory.annotation.Qualifier;\nimport org.springframework.beans.factory.annotation.Value;\nimport org.springframework.context.annotation.Bean;\nimport org.springframework.context.annotation.Configuration;\nimport org.springframework.core.io.support.PathMatchingResourcePatternResolver;\nimport org.springframework.jdbc.datasource.DataSourceTransactionManager;\nimport tk.mybatis.spring.annotation.MapperScan;\n\nimport javax.sql.DataSource;\nimport java.sql.SQLException;\n\n@Configuration\n@MapperScan(basePackages =\"com.felix.project.mapper2\",sqlSessionFactoryRef = \"secondSqlSessionFactory\")\npublic class DruidFelicConfig {\n\n    @Value(\"${spring.datasource.felix.url}\")\n    private String url;\n    @Value(\"${spring.datasource.felix.username}\")\n    private String username;\n    @Value(\"${spring.datasource.felix.password}\")\n    private String password;\n    @Value(\"${spring.datasource.felix.driver-class-name}\")\n    private String driverClassName;\n    @Value(\"${spring.datasource.felix.druid.initial-size}\")\n    private int initialSize;\n    @Value(\"${spring.datasource.felix.druid.min-idle}\")\n    private int minIdle;\n    @Value(\"${spring.datasource.felix.druid.max-active}\")\n    private int maxActive;\n    @Value(\"${spring.datasource.felix.druid.max-wait}\")\n    private int maxWait;\n    @Value(\"${spring.datasource.felix.druid.time-between-eviction-runs-millis}\")\n    private int timeBetweenEvictionRunsMillis;\n    @Value(\"${spring.datasource.felix.druid.min-evictable-idle-time-millis}\")\n    private int minEvictableIdleTimeMillis;\n    @Value(\"${spring.datasource.felix.druid.validation-query}\")\n    private String validationQuery;\n    @Value(\"${spring.datasource.felix.druid.test-while-idle}\")\n    private boolean testWhileIdle;\n    @Value(\"${spring.datasource.felix.druid.test-on-borrow}\")\n    private boolean testOnBorrow;\n    @Value(\"${spring.datasource.felix.druid.test-on-return}\")\n    private boolean testOnReturn;\n    @Value(\"${spring.datasource.felix.druid.pool-prepared-statements}\")\n    private boolean poolPreparedStatements;\n    @Value(\"${spring.datasource.felix.druid.max-pool-prepared-statement-per-connection-size}\")\n    private int maxPoolPreparedStatementPerConnectionSize;\n    @Value(\"${spring.datasource.felix.druid.filters}\")\n    private String filters;\n    @Value(\"${spring.datasource.felix.druid.aop-patterns}\")\n    private String[] aopPatterns;\n\n    /**\n     *  DataSource\n     * @return\n     */\n    @Bean(name = \"secondDataSource\")\n    public DataSource secondDataSource() {\n        DruidDataSource datasource = new DruidDataSource();\n        datasource.setUrl(url);\n        datasource.setUsername(username);\n        datasource.setPassword(password);\n        datasource.setDriverClassName(driverClassName);\n        datasource.setInitialSize(initialSize);\n        datasource.setMinIdle(minIdle);\n        datasource.setMaxActive(maxActive);\n        datasource.setMaxWait(maxWait);\n        datasource.setTimeBetweenEvictionRunsMillis(timeBetweenEvictionRunsMillis);\n        datasource.setMinEvictableIdleTimeMillis(minEvictableIdleTimeMillis);\n        datasource.setValidationQuery(validationQuery);\n        datasource.setTestWhileIdle(testWhileIdle);\n        datasource.setTestOnBorrow(testOnBorrow);\n        datasource.setTestOnReturn(testOnReturn);\n        datasource.setPoolPreparedStatements(poolPreparedStatements);\n        try {\n            datasource.setFilters(filters);\n        } catch (SQLException e) {\n            e.printStackTrace();\n        }\n        return datasource;\n    }\n\n    // 创建该数据源的事务管理\n    @Bean(name = \"secondTransactionManager\")\n    public DataSourceTransactionManager secondTransactionManager() throws SQLException {\n        return new DataSourceTransactionManager(secondDataSource());\n    }\n\n    // 创建Mybatis的连接会话工厂实例\n    @Bean(name = \"secondSqlSessionFactory\")\n    public SqlSessionFactory secondSqlSessionFactory(@Qualifier(\"secondDataSource\") DataSource primaryDataSource) throws Exception {\n        final SqlSessionFactoryBean sessionFactory = new SqlSessionFactoryBean();\n        sessionFactory.setDataSource(primaryDataSource);  // 设置数据源bean\n        sessionFactory.setMapperLocations(new PathMatchingResourcePatternResolver()\n                .getResources(\"classpath:mapper/*.xml\"));  // 设置mapper文件路径\n        return sessionFactory.getObject();\n    }\n}\n```\n>两配置文件基本相同，主要区别在与主配置需要加上@Primary注解\n\n## 监控\n>新建一个DruidMoniterConfig配置项用于开启druid监控\n\n```java\npackage com.felix.project.config;\n\nimport com.alibaba.druid.support.http.StatViewServlet;\nimport com.alibaba.druid.support.http.WebStatFilter;\nimport org.springframework.boot.autoconfigure.condition.ConditionalOnMissingBean;\nimport org.springframework.boot.web.servlet.FilterRegistrationBean;\nimport org.springframework.boot.web.servlet.ServletRegistrationBean;\nimport org.springframework.context.annotation.Bean;\nimport org.springframework.context.annotation.Configuration;\n\n@Configuration\npublic class DruidMoniterConfig {\n    @Bean\n    @ConditionalOnMissingBean\n    public ServletRegistrationBean druidServlet() {\n        ServletRegistrationBean servletRegistrationBean =\n                new ServletRegistrationBean(new StatViewServlet(), \"/druid/*\");\n        //白名单\n        // servletRegistrationBean.addInitParameter(\"allow\",\"192.168.6.195\");\n        //IP黑名单(存在共同时，deny优先于allow) : 如果满足deny的话提示:Sorry, you are not permitted to view this page.\n        //  servletRegistrationBean.addInitParameter(\"deny\",\"192.168.6.73\");\n        //用于登陆的账号密码\n        servletRegistrationBean.addInitParameter(\"loginUsername\", \"admin\");\n        servletRegistrationBean.addInitParameter(\"loginPassword\", \"admin\");\n        //是否能重置数据\n        servletRegistrationBean.addInitParameter(\"resetEnable\", \"false\");\n        return servletRegistrationBean;\n    }\n\n    @Bean\n    @ConditionalOnMissingBean\n    public FilterRegistrationBean filterRegistrationBean() {\n        FilterRegistrationBean filterRegistrationBean = new FilterRegistrationBean(new WebStatFilter());\n        //添加过滤规则.\n        filterRegistrationBean.addUrlPatterns(\"/*\");\n        //添加不需要忽略的格式信息.\n        filterRegistrationBean.addInitParameter(\"exclusions\", \"*.js,*.gif,*.jpg,*.png,*.css,*.ico,/druid/*\");\n        return filterRegistrationBean;\n    }\n\n}\n```\n# 登录\n\n![druid](SpringBoot-druid多数据源/Snipaste_2019-03-15_17-01-48.jpg)\n\n![druid](SpringBoot-druid多数据源/Snipaste_2019-03-15_17-05-09.jpg)\n![druid](SpringBoot-druid多数据源/Snipaste_2019-03-15_17-05-47.jpg)\n\n> 查询数据库验证\n\n![druid](SpringBoot-druid多数据源/Snipaste_2019-03-15_17-21-20.jpg)\n\n# 参考\n[https://www.cnblogs.com/qdhxhz/p/10192041.html](https://www.cnblogs.com/qdhxhz/p/10192041.html)'),(249,'# Azure Event Hubs vs Azure Messaging\nRecently Ive been chatting with a few people about Azure Service Bus and it’s clear that in the community there is some confusion about the differences between Azure Service Bus Messaging (queues and topics) and Azure Service Bus Event Hubs and where you should use each.  I thought i’d share my thoughts around this.\n\n# What is Azure Service Bus Event Hubs\nAzure Service Bus Event Hubs is a relatively new feature within the Azure Service Bus and is intended to help with the challenge of handling an event based messaging at huge scale.  The idea is that if you have apps or devices publishing telemetry events then Event Hubs can be the place you would send them to and behind the scenes the Event Hub will create a stream of all of these events which can be read at some point in different ways.\n\nEvent Hubs provides simple interfaces such as AMQP and HTTP to make it easy for apps to send messages to an Event Hub.  Internally Event Hubs implements a partitioning pattern to allow it to scale to deal with huge bursts of messages and to retain messages for a longer period of time.\n\nIn Event Hubs you can define consumer groups which allow you to read the stream of events.  If you only need one receiver to read the stream then you can use the default consumer group, but if you need multiple receivers to read the stream concurrently but at their own rate then each receiver would use its own consumer group.  A receiver will also manage an index (or off set) which is its own pointer to where in the stream of messages it is reading.  A receiver can start at the beginning of the stream and read to the end and then wait for new events or alternatively it can start reading part way through the stream.\n\nThe below diagram shows what Event Hubs might look like:\n\n# Hub\n\n \n\nWhat is Azure Service Bus Messaging\nAzure Service Bus messaging is an implementation of modern message queuing concepts implemented in the Microsoft Cloud as platform as a service.  Service Bus messaging has two key areas:\n\n# Queues\n# Topics\n \n\nA queue implements a one way communication where the sender places a message on the queue and a receiver will collect the message soon or sometime in the future.  The queue is a durable entity meaning that a message placed on a queue is saved and can remain on the queue for a long period of time if the receiver is not ready to collect it yet.  A simple diagram showing a queue concept is below:\n\n# queue\n\n \n\nA topic is similar to a queue except that a message sent to a topic can have a copy of that message forwarded to multiple subscriptions.  A subscription is similar to a queue except that is includes some rules which determine which messages from a topic will go to each queue.  An example of the use of a topic could be to use a fan out pattern where all messages sent to a topic will have a copy sent to each subscription so many applications can get their own copy of all messages.  Another example would be the implementation of a publish and subscribe pattern where the message sent to a topic is only forwarded to a subset of queues based on the rules it matches.  An example would be if a message had a property called “Message Type” and a subscription could say only send messages where the message type is “CustomerUpdate” to the subscription used by the CRM application.\n\nThe below diagram is a simple representation of the topic pattern.\n\n \n\nimage2015-2-24 23-52-38\n\n# Similarities\nTo the external publisher of an event/message or the receiver or an event/message Service Bus Messaging and Service Bus Event Hubs can look very similar and this is what makes it difficult to understand the differences between the two and where to use what.\n\nThe main similarity is that both messaging and event hubs can be interacted with via AMQP so they look conceptually like you’re sending a message to a queue like entity.  Other similarities include:\n\n \n\nBoth entities live within an Azure Service Bus Namespace and can be managed in that part of the Azure Portal.\nBoth entities can also support an HTTP interface\nBoth entities have durability features so that a message can be persisted and received later\nBoth entities support a kind of time to live style feature but they are not necessarily the same\nBoth options support the same SAS security model by default for sending, receiving and management\nBoth options have the same 256kb message size limitation\n \n\n# Differences\nWhile Service Bus Event Hubs and Service Bus Messaging may look similar(ish) to a sender and receiver there are some significant differences in the internal workings of the features, the use cases then are intended to support and the specifics of how each feature works.\n\n# Use Cases\nFrom a target use case perspective if we consider some of our typical enterprise integration patterns then if you are implementing a pattern which uses a Command Message, or a Request/Reply Message then you probably want to use Azure Service Bus Messaging.  RPC patterns can be implemented using Request/Reply messages on Azure Service Bus using a response queue.  These are really about ESB and EAI style messaging patterns where you want to send messages between applications and probably want to use other features such as property based routing.\n\nAzure Event Hubs is more likely to be used if you’re implementing patterns with Event Messages and you want somewhere reliable to send them that is capable of dealing with a massive scale but will allow you to do stuff with the events out of process.\n\nWith these core target use cases in mind it is easy to see where the scale differences come into play.  For messaging it’s about one application telling one or more apps to DO SOMETHING or GIVE ME SOMETHING.  The alternative is that in eventing the applications are saying SOMETHING HAS HAPPENED.  When you consider this in typical application scenarios and you put events into the telemetry and logging space you can quickly see that the SOMETHING HAS HAPPENED scenario will produce a lot more traffic than the other.\n\nNow I’m not saying that you can’t implement some messaging type functions using event hubs and that you can’t push events to a Service Bus topic as in integration there are always different requirements which result in different implementation scenarios, but I think if you follow the above as a general rule then you will usually be on the right path.\n\nI guess one additional point about Event Hubs is that some of the most likely use cases for Event Hubs would involve combining the hub with some other Azure feature which will do interesting things with the telemetry events it receives.  As an example I would expect one of the most common use cases would be using Stream Analytics and Machine Learning and Power BI to implement reporting solutions on top of aggregates of the events which are received.  For these use cases Stream Analytics has its own Event Hub connector so it can process messages from the hub.  Likewise in Azure Service Bus Messaging products like BizTalk Server and BizTalk Services have out of the box connectors for queues and topics which allow you to do typical EAI/ESB integration patterns by combining Service Bus + BizTalk.\n\n \n\n# Internal Workings\nI mentioned earlier that the inner workings of Messaging and Event Hubs are different and that is predominantly around the typical use case requirements and supporting the scale you would want for those use cases.  If you consider that in Messaging you have concepts like Property Based Routing, Dead Letter Queues, which provide some rich features for flowing messages between applications and managing who gets which message and handling error scenarios.  In Events Hub many of these rich features have been sacrificed to allow the event platform to scale to be able to handle a much larger volume of messages.  By sacrificing some of these features it is assumed that they are not needed for the key use cases of event processing or would be implemented in the receiver.\n\nAn example of this could be that in Service Bus Messaging a receiver can read a message from a queue and then it will be deleted once successfully processed.  In Event Hubs the receiver does not remove messages from the stream and instead would manage its own index or check point to know where its position in the stream is.  Using this approach allows the Event Hub to have a single stream of messages that all consumers can read.  This is different to Messaging where each consumer will get their own copy of the message which at Event Hubs scale could cause a problem when receiving a million messages per second results in you having to create 10 million messages so every receiver has their own copy.  It’s pretty obvious to see that the Topic pattern has limits as to how far it could scale.\n\n \n\n# Costs\nWhile the cost models are very similar Event Hubs is optimized for those very high scale usage scenarios.  As you scale up your usage, you could expect a cost comparison to tip towards Event Hubs being the lower cost.  As an example you can process 2.6 billion 1KB events per month for around $97 on Event Hubs.  In messaging you would need to buy blocks of message operations that unless using Basic it would likely be more expensive. Each message would require 3 operations.\n\nI guess at some point I might do some like for like comparisons to flush out more details on this cost difference but for now you could expect at lower scale there probably isnt a great deal difference in the cost but at very high usage you would notice a difference.\n\n \n\n# Lower Level Features\nIf you dig down in to the lower level aspects of the two Service Bus features there are some other differences that you should be aware of.\n\n \n\n# Time to Live and Retention\nIn Service Bus messaging we are used to the idea that a message can live on a queue for as long as the queue exists if no one receives it.  We are also used to the option to have each message have its own time to live which will mean that when a message “expires” it will be moved to the dead letter queue.  Event Hubs has a slightly different concept of this.  There is no specific time to live for an event but there is a retention policy on the hub.  This is set as a period of time in days and by default means events will remain on the hub for 7 days and then automatically be removed.  You can increase this up to a limit.  Obviously the longer the retention the more messages are likely to remain in the stream.\n\n \n\n# FIFO\nWith Azure Service Bus Messaging it is possible to implement first in – first out style patterns if you use a queue and a single process receiving the messages.\n\nIn Event Hubs it is perhaps less likely you would try to implement a FIFO pattern with a hub but it can be done.  You could achieve this pattern if you use the publisher key so that all events with the same key are sent to the same partition and they would then be stored in the order which they were received.  This could be a useful pattern for things like localization of data and keeping a stream of events next to each other so a down stream processor doesnt need to read them from multiple places or worry about thread locking.\n\nWith FIFO this can be achieved with both Service Bus features, but the way it would be implemented is a bit different and you would need to make different considerations for each way.  As an example with Event Hubs you would be sacrificing a lot of the scale potential offered by partitions by processing messages in order and that is probably not a typical use case for Event Hubs, but it can still be done.\n\n \n\n# Related Messages\nIn Azure Service Bus Messaging there is the concept of a message session.  This allows you to indicate that a number of messages are related because they have the same session id property.  This allows you to implement some rich integration patterns such as a splitter and aggregator.  You can have groups of related messages within different sessions on the same queue.  Event Hubs does not have the same concept of a message session but you can relate messages by putting them on the same partition.  In this case its just a different kind of relationship.\n\n \n\n# ACS Support\nAzure Service Bus Messaging still provides support for security tokens obtained from ACS.  Event Hubs does not offer this.\n\nAlthough this is a difference you should look to move away from using ACS with Service Bus Messaging anyway.\n\n \n\n# Receiver Differences\nI mentioned earlier in this post about the difference between the receive patterns around a queue’s peek/lock/delete option and the idea that a message is removed from a queue when processed vs the Event Hubs idea that the receiver does not remove messages from the stream and instead manages its own pointer to where it is reading in the queue.  There are a few other differences which are discussed below.\n\n \n\n# Competing Consumers\nIn Service Bus Messaging you can scale up the receivers of a message by using the Competing Consumer pattern.  This means you can scale out by having many processes all pointing to the same queue and each would take turns in getting a message.  This can support you scaling out to quite a high level and you can also implement patterns where topics are used to forward messages to multiple queues so you can split the messages to scale even higher.\n\nIn Event Hubs it works slightly differently and does not really work on a competing consumer pattern.  To scale out your load of messages you would increase the number of partitions and then you would have a single processor for each partition.  This should let you have a high throughput of messages by having many partitions.  You can also benefit from not having to acknowledge a message you simply read it, often in batches so you will get super high throughput.\n\nThe tradeoff for this is it is more difficult to support high availability on your processor for each partition.  The best way to do this is to use the EventProcessorHost class which is discussed in this article which provides a set of classes which take care of the hard work for you.  Fortunately the check point pattern will allow your recovered host to get back to where it was in the stream but I guess we may see more to come in terms of guidance around this in future articles from the product team.\n\n \n\n# Message Replay\nIn much of this article you are probably getting the picture that Event Hubs is sacrificing features which Messaging has to be able to achieve higher scale for use cases which don’t need those features which were sacrificed.  One of the features that event hubs has which Service Bus Messaging does not is the ability to replay messages which have already been processed.  This is a really cool concept and is something you get because the messages were not removed from the stream.  You can simply change the index the receiver is looking for to be at any point in the stream and it will start processing from there and read all messages again.  You could rewind back to the start of the stream or only go back one message.\n\n \n\n# Reject & Abandon Message\nIn Service Bus Messaging you may get a message which could not be processed.  An example is you may receive a message from a queue for a customer who does not exist.  You may choose to ignore the message or you could choose to reject it by sending it to the dead letter queue or finally if you thought the message could not be processed for now but a retry might work, you could abandon the message so it is released back to the queue and another receiver would pick it up again.  This gives you some useful features where Service Bus Messaging will help you deal with messages which do not process successfully.  This can be used to handle temporary errors, poison messages and malformed messages.\n\nIn Event Hubs it’s really the receivers problem to deal with those scenarios.  You would read an event message from the stream and then you do something and move on to the next index or alternatively you handle the error and move on to the next message.  You cannot for example remove a malformed event message from the stream so if you rewind and read this again you will need to handle the dodgy event a 2nd time.\n\n \n\n# Other Differences\nA few other differences to consider are listed below.\n\n \n\n# On Premise Support\nAzure Service Bus Messaging is also available for on premise installations as part of the Azure Pack for Windows Server.  Event Hubs is not available as an on premise offering at the time of writing and in my opinion for the use cases targeted by event hubs most customers are unlikely to want to have the scale of infrastructure that is probably required which probably makes Event Hubs one of those features which would be a lower priority to offer on premise.\n\n \n\n# Summary\nHopefully this provides lots of information for you to consider when thinking about a decision whether you should use Azure Service Bus Messaging or Azure Service Bus Event Hubs.  As I mentioned earlier in the post for many people I think if you follow the guide of the target use cases you wont go too far wrong and hopefully if you have one of those scenarios where you dont fall clearly into either camp or you have conflicting requirements which make the decision not straight forward then the above info will provide some lower level considerations to help you choose the right option for your scenario.\n\n \n\n# Acknowledgements\nA quick thanks to Kent Weare and Dan Rosanova for reviewing the above for me.'),(250,'\n\n# docker prune 命令\n\n> prune 命令用来删除不再使用的 docker 对象。\n\n\n-  删除所有未被 tag 标记和未被容器使用的镜像:\n```\n$ docker image prune\n\nWARNING! This will remove all dangling images.\nAre you sure you want to continue? [y/N] y\n```\n\n-  删除所有未被容器使用的镜像:\n\n```\n$ docker image prune -a\n```\n\n- 删除所有停止运行的容器:\n\n```\n$ docker container prune\n```\n-  删除所有未被挂载的卷:\n\n```\n$ docker volume prune\n\n```\n-  删除所有网络:\n\n```\n$ docker network prune\n```\n-  删除 docker 所有资源:\n\n```\n$ docker system prune\n```'),(251,'安装完docker后，执行docker相关命令，出现：\n\n> Got permission denied while trying to connect to the Docker daemon socket at unix:///var/run/docker.sock: Get http://%2Fvar%2Frun%2Fdocker.sock/v1.40/containers/json: dial unix /var/run/docker.sock: connect: permission denied\n\n# 解决方法1\n\n使用sudo获取管理员权限，运行docker命令\n\n# 解决方式2\ndocker守护进程启动的时候，会默认赋予名字为docker的用户组读写Unix socket的权限，因此只要创建docker用户组，并将当前用户加入到docker用户组中，那么当前用户就有权限访问Unix socket了，进而也就可以执行docker相关命令\n\n\n```\nsudo groupadd docker     #添加docker用户组\nsudo gpasswd -a $USER docker     #将登陆用户加入到docker用户组中\nnewgrp docker     #更新用户组\ndocker ps    #测试docker命令是否可以使用sudo正常使用\n```'),(252,'# RestTemplate文件下载，\n\n```xml\n@Test\n    public void downloadTest() throws IOException {\n	//普通图片下载\n        for (int id = 1; id <= 121; id++) {\n            String url = \"http://www.fhebook.cn/h5book/202002/shuxue/4b/files/mobile/\" + id + \".jpg?x-oss-process=image/resize,h_1322,w_934/format,webp&200210153502\";\n            RestTemplate restTemplate = new RestTemplate();\n            ResponseEntity<byte[]> forEntity = restTemplate.getForEntity(url, byte[].class);\n            Files.write(Paths.get(\"./shujiao/\" + id + \".jpg\"), Objects.requireNonNull(forEntity.getBody(), \"未获取到下载文件\"));\n        }\n\n\n        // 大文件下载\n        RequestCallback requestCallback = request -> request.getHeaders().setAccept(Arrays.asList(MediaType.APPLICATION_OCTET_STREAM, MediaType.ALL));\n        new RestTemplate().execute(\"url\", HttpMethod.GET, requestCallback, clientHttpResponse -> {\n            Files.copy(clientHttpResponse.getBody(), Paths.get(\"./download/xx.xx\"));\n            return null;\n        });\n    }\n\n```\n'),(253,'@[TOC](目录)\n\n# springboot+minio+docker快速入门\n\nMinIO 是一个基于Apache License v2.0开源协议的对象存储服务。它兼容亚马逊S3云存储服务接口，非常适合于存储大容量非结构化的数据，例如图片、视频、日志文件、备份数据和容器/虚拟机镜像等，而一个对象文件可以是任意大小，从几kb到最大5T不等。\nMinIO是一个非常轻量的服务,可以很简单的和其他应用的结合，类似 NodeJS, Redis 或者 MySQL。\nMinio提供了非常方便，友好的界面，并且文档也是非常丰富，\n## 快速入门 \n环境搭建,使用docker镜像快速搭建\n`docker pull minio/minio`\n使用`docker-compose.yml` \n```yaml\nversion: \'3\'\nservices:\n   minio:\n    image: minio/minio:latest\n    container_name: minio\n    environment:\n      MINIO_ACCESS_KEY: AKIAIOSFODNN7EXAMPLE\n      MINIO_SECRET_KEY: wJalrXUtnFEMI/K7MDENG/bPxRfiCYEXAMPLEKEY\n    volumes:\n    - /mnt/data:/data\n    - /mnt/config:/root/.minio\n    ports:\n      - 9000:9000\n    command: server /data\n    healthcheck:\n      test: [\"CMD\", \"curl\", \"-f\", \"http://localhost:9000/minio/health/live\"]\n      interval: 30s\n      timeout: 20s\n      retries: 3\n\n```\n```shell script\ndocker-compose up -d\n```\n登录管理\n```java\nhttp://127.0.0.1:9000/minio/login\n```\n![在这里插入图片描述](https://img-blog.csdnimg.cn/2020083020043117.png?x-oss-process=image/watermark,type_ZmFuZ3poZW5naGVpdGk,shadow_10,text_aHR0cHM6Ly9ibG9nLmNzZG4ubmV0L3BpbmdwZWkxMTMz,size_16,color_FFFFFF,t_70#pic_center)\n\n输入  MINIO_ACCESS_KEY 和MINIO_SECRET_KEY\n![在这里插入图片描述](https://img-blog.csdnimg.cn/202008302004462.png?x-oss-process=image/watermark,type_ZmFuZ3poZW5naGVpdGk,shadow_10,text_aHR0cHM6Ly9ibG9nLmNzZG4ubmV0L3BpbmdwZWkxMTMz,size_16,color_FFFFFF,t_70#pic_center)\n\n\n## 添加 minio\n```xml\n<?xml version=\"1.0\" encoding=\"UTF-8\"?>\n<project xmlns=\"http://maven.apache.org/POM/4.0.0\" xmlns:xsi=\"http://www.w3.org/2001/XMLSchema-instance\"\n         xsi:schemaLocation=\"http://maven.apache.org/POM/4.0.0 https://maven.apache.org/xsd/maven-4.0.0.xsd\">\n    <modelVersion>4.0.0</modelVersion>\n    <parent>\n        <groupId>org.springframework.boot</groupId>\n        <artifactId>spring-boot-starter-parent</artifactId>\n        <version>2.1.15.RELEASE</version>\n        <relativePath/> <!-- lookup parent from repository -->\n    </parent>\n    <groupId>com.example</groupId>\n    <artifactId>minio</artifactId>\n    <version>0.0.1-SNAPSHOT</version>\n    <name>minio</name>\n    <description>Demo project for Spring Boot</description>\n\n    <properties>\n        <java.version>11</java.version>\n    </properties>\n\n    <dependencies>\n        <dependency>\n            <groupId>org.springframework.boot</groupId>\n            <artifactId>spring-boot-starter-web</artifactId>\n        </dependency>\n        <dependency>\n            <groupId>org.springframework.boot</groupId>\n            <artifactId>spring-boot-configuration-processor</artifactId>\n        </dependency>\n        <dependency>\n            <groupId>io.minio</groupId>\n            <artifactId>minio</artifactId>\n            <version>3.0.10</version>\n        </dependency>\n        <dependency>\n            <groupId>org.iherus</groupId>\n            <artifactId>qrext4j</artifactId>\n            <version>1.3.1</version>\n        </dependency>\n        <dependency>\n            <groupId>org.springframework.boot</groupId>\n            <artifactId>spring-boot-starter-test</artifactId>\n            <scope>test</scope>\n        </dependency>\n    </dependencies>\n\n    <build>\n        <plugins>\n            <plugin>\n                <groupId>org.springframework.boot</groupId>\n                <artifactId>spring-boot-maven-plugin</artifactId>\n            </plugin>\n        </plugins>\n    </build>\n\n</project>\n\n```\n## 配置\n```java\n\nimport org.springframework.boot.context.properties.ConfigurationProperties;\nimport org.springframework.stereotype.Component;\n\n/**\n * 配置属性\n * @author top\n */\n@Component\n@ConfigurationProperties(prefix = \"minio\")\npublic class MinioProperties {\n    /**\n     * 对象存储服务的URL\n     */\n    private String endpoint;\n    /**\n     * Access key就像用户ID，可以唯一标识你的账户\n     */\n    private String accessKey;\n    /**\n     * Secret key是你账户的密码\n     */\n    private String secretKey;\n\n    /**\n     * 文件桶的名称\n     */\n    private String bucketName;\n\n\n    public String getEndpoint() {\n        return endpoint;\n    }\n\n    public void setEndpoint(String endpoint) {\n        this.endpoint = endpoint;\n    }\n\n    public String getAccessKey() {\n        return accessKey;\n    }\n\n    public void setAccessKey(String accessKey) {\n        this.accessKey = accessKey;\n    }\n\n    public String getSecretKey() {\n        return secretKey;\n    }\n\n    public void setSecretKey(String secretKey) {\n        this.secretKey = secretKey;\n    }\n\n    public String getBucketName() {\n        return bucketName;\n    }\n\n    public void setBucketName(String bucketName) {\n        this.bucketName = bucketName;\n    }\n}\n\n```\n```properties\n\nserver.port=8789\n#文件大小\nspring.servlet.multipart.max-file-size=1024MB\nspring.servlet.multipart.max-request-size=1024MB\n\nminio.endpoint=http://192.168.0.254:9000\nminio.accessKey=AKIAIOSFODNN7EXAMPLE\nminio.secretKey=wJalrXUtnFEMI/K7MDENG/bPxRfiCYEXAMPLEKEY\nminio.bucketName=test\n\n\n```\n## 配置类\n```java\n\nimport io.minio.MinioClient;\nimport io.minio.errors.InvalidEndpointException;\nimport io.minio.errors.InvalidPortException;\nimport org.springframework.beans.factory.annotation.Autowired;\nimport org.springframework.context.annotation.Bean;\nimport org.springframework.context.annotation.Configuration;\n\n/**\n * \n * 配置类\n * @author top\n */\n@Configuration\npublic class MinioConfig {\n    @Autowired\n    private MinioProperties properties;\n\n    @Bean\n    public MinioClient minioClient() {\n        MinioClient minioClient = null;\n        try {\n            minioClient = new MinioClient(properties.getEndpoint(), properties.getAccessKey(), properties.getSecretKey());\n        } catch (InvalidEndpointException | InvalidPortException e) {\n            e.printStackTrace();\n        }\n        return minioClient;\n    }\n}\n\n```\n## 封装一个工具，实现文件上传，下载等操作\n```java\npackage com.example.minio.utils;\n\nimport com.example.minio.config.MinioProperties;\nimport io.minio.MinioClient;\nimport io.minio.ObjectStat;\nimport io.minio.Result;\nimport io.minio.errors.MinioException;\nimport io.minio.messages.Item;\nimport org.apache.tomcat.util.http.fileupload.IOUtils;\nimport org.iherus.codegen.qrcode.QrcodeConfig;\nimport org.iherus.codegen.qrcode.SimpleQrcodeGenerator;\nimport org.springframework.beans.factory.annotation.Autowired;\nimport org.springframework.http.MediaType;\nimport org.springframework.stereotype.Component;\nimport org.springframework.web.multipart.MultipartFile;\nimport org.xmlpull.v1.XmlPullParserException;\n\nimport javax.imageio.ImageIO;\nimport javax.servlet.http.HttpServletResponse;\nimport java.awt.image.BufferedImage;\nimport java.io.ByteArrayInputStream;\nimport java.io.ByteArrayOutputStream;\nimport java.io.IOException;\nimport java.io.InputStream;\nimport java.net.URLEncoder;\nimport java.nio.charset.StandardCharsets;\nimport java.security.InvalidKeyException;\nimport java.security.NoSuchAlgorithmException;\nimport java.util.ArrayList;\nimport java.util.List;\nimport java.util.UUID;\n\n/**\n * @author top\n */\n@Component\npublic class MinioUtils {\n\n    @Autowired\n    private MinioProperties properties;\n    @Autowired\n    private MinioClient minioClient;\n\n    /**\n     * 文件上传\n     *\n     * @param file file\n     */\n    public void upload(MultipartFile file) {\n        try {\n            // 使用MinIO服务的URL，端口，Access key和Secret key创建一个MinioClient对象\n\n            // 检查存储桶是否已经存在\n            boolean isExist = minioClient.bucketExists(properties.getBucketName());\n            if (!isExist) {\n                // 创建一个名为test的存储桶，用于存储照片的zip文件。\n                minioClient.makeBucket(properties.getBucketName());\n            }\n            InputStream inputStream = file.getInputStream();\n            // 使用putObject上传一个文件到存储桶中。\n            minioClient.putObject(properties.getBucketName(), file.getOriginalFilename(), inputStream, inputStream.available(), file.getContentType());\n            //关闭\n            inputStream.close();\n        } catch (MinioException | NoSuchAlgorithmException | IOException | InvalidKeyException | XmlPullParserException e) {\n            System.out.println(\"Error occurred: \" + e);\n        }\n    }\n\n    /**\n     * 下载\n     *\n     * @param response response\n     * @param fileName fileName\n     */\n    public void download(HttpServletResponse response, String fileName) {\n        InputStream inputStream = null;\n        try {\n            ObjectStat stat = minioClient.statObject(properties.getBucketName(), fileName);\n            inputStream = minioClient.getObject(properties.getBucketName(), fileName);\n            response.setContentType(stat.contentType());\n            response.setHeader(\"Content-Disposition\", \"attachment;filename=\" + URLEncoder.encode(fileName, StandardCharsets.UTF_8));\n            IOUtils.copy(inputStream, response.getOutputStream());\n        } catch (Exception e) {\n            e.printStackTrace();\n        } finally {\n            if (inputStream != null) {\n                try {\n                    inputStream.close();\n                } catch (IOException e) {\n                    e.printStackTrace();\n                }\n            }\n        }\n    }\n\n    /**\n     * 获取文件url\n     *\n     * @param objectName objectName\n     * @return url\n     */\n    public String getObject(String objectName) {\n        try {\n            return minioClient.getObjectUrl(properties.getBucketName(), objectName);\n        } catch (Exception e) {\n            e.printStackTrace();\n        }\n        return \"\";\n    }\n\n    /**\n     * 获取所有\n     *\n     * @return\n     */\n    public List<Album> list() {\n        try {\n            List<Album> list = new ArrayList<Album>();\n            Iterable<Result<Item>> results = minioClient.listObjects(properties.getBucketName());\n            for (Result<Item> result : results) {\n                Item item = result.get();\n                // Create a new Album Object\n                Album album = new Album();\n                System.out.println(item.objectName());\n                // Set the presigned URL in the album object\n                album.setUrl(minioClient.getObjectUrl(properties.getBucketName(), item.objectName()));\n                album.setDescription(item.objectName() + \",\" + item.lastModified() + \",size:\" + item.size());\n                // Add the album object to the list holding Album objects\n                list.add(album);\n            }\n            return list;\n        } catch (Exception e) {\n            e.printStackTrace();\n        }\n        return null;\n    }\n\n    /**\n     * 文件删除\n     *\n     * @param name 文件名\n     */\n    public void delete(String name) {\n        try {\n            minioClient.removeObject(properties.getBucketName(), name);\n        } catch (Exception e) {\n            e.printStackTrace();\n        }\n    }\n\n    /**\n     * 上传生成的二维码\n     */\n    public void generator() {\n        String uuid = UUID.randomUUID().toString();\n        InputStream inputStream = bufferedImageToInputStream(qrcode(uuid));\n        try {\n            minioClient.putObject(properties.getBucketName(), uuid + \".png\", bufferedImageToInputStream(qrcode(uuid)), inputStream.available(), MediaType.IMAGE_PNG_VALUE);\n        } catch (Exception e) {\n            e.printStackTrace();\n        } finally {\n            try {\n                if (inputStream != null) {\n                    inputStream.close();\n                }\n            } catch (IOException e) {\n                e.printStackTrace();\n            }\n        }\n    }\n\n    public BufferedImage qrcode(String content) {\n        QrcodeConfig config = new QrcodeConfig()\n                .setBorderSize(2)\n                .setPadding(12)\n                .setMasterColor(\"#00BFFF\")\n                .setLogoBorderColor(\"#B0C4DE\")\n                .setHeight(250).setWidth(250);\n        return new SimpleQrcodeGenerator(config).setLogo(\"src/main/resources/logo.png\").generate(content).getImage();\n    }\n\n    /**\n     * @param image image\n     * @return InputStream\n     */\n    public InputStream bufferedImageToInputStream(BufferedImage image) {\n        ByteArrayOutputStream os = new ByteArrayOutputStream();\n        try {\n            ImageIO.write(image, \"png\", os);\n            return new ByteArrayInputStream(os.toByteArray());\n        } catch (IOException e) {\n            e.fillInStackTrace();\n        } finally {\n            try {\n                os.close();\n            } catch (IOException e) {\n                e.printStackTrace();\n            }\n        }\n        return null;\n    }\n\n    public static class Album {\n        private String url;\n        private String description;\n\n        public String getUrl() {\n            return url;\n        }\n\n        public void setUrl(String url) {\n            this.url = url;\n        }\n\n        public String getDescription() {\n            return description;\n        }\n\n        public void setDescription(String description) {\n            this.description = description;\n        }\n    }\n}\n\n```\n## controller\n```java\n\nimport com.example.minio.utils.MinioUtils;\nimport org.springframework.beans.factory.annotation.Autowired;\nimport org.springframework.web.bind.annotation.*;\nimport org.springframework.web.multipart.MultipartFile;\n\nimport javax.servlet.http.HttpServletResponse;\nimport java.io.UnsupportedEncodingException;\nimport java.util.List;\n\n/**\n * 文件上传下载\n *\n * @author top\n */\n@RestController\npublic class MinioController {\n    @Autowired\n    private MinioUtils minioUtils;\n\n    @PostMapping(value = \"/upload\")\n    public void upload(@RequestParam(\"file\") MultipartFile file) {\n        minioUtils.upload(file);\n    }\n\n    @GetMapping(value = \"/download\")\n    public void download(HttpServletResponse response, @RequestParam(value = \"fileName\") String fileName) throws UnsupportedEncodingException {\n        minioUtils.download(response, fileName);\n    }\n\n    @GetMapping(value = \"/list\")\n    public List<MinioUtils.Album> list() {\n        return minioUtils.list();\n    }\n\n    @GetMapping(value = \"/objectName\")\n    public String getObject(@RequestParam(value = \"fileName\") String fileName) {\n        return minioUtils.getObject(fileName);\n    }\n\n    @DeleteMapping(value = \"/delete/{name}\")\n    public void delete(@PathVariable String name) {\n        minioUtils.delete(name);\n    }\n}\n\n```\n# 总结\n 完成了一个入门的案例，遇到问题可多看看参考文档。\n[个人博客地址](https://www.keepon.online/posts/70MpBe8k)\n\n参考[https://docs.min.io/cn/java-client-quickstart-guide.html](https://docs.min.io/cn/java-client-quickstart-guide.html)\n'),(254,'# 问题\n项目部署上线后发现时间不一致，相差时间8个小时，原因是docker容器系统默认时间与中国的时间不一致\n\n# 解决\n修改docker-compose.yml文件添加environment参数\n```yml\n	environment:\n      	  - TZ=Asia/Shanghai\n	\n```\n完整\n```yml\nversion: \"3\"\nservices:\n  app:\n    container_name: document\n    image: app:2015\n    # 解决时区问题\n    environment:\n      - TZ=Asia/Shanghai\n    volumes:\n      - ./app/logs:/opt/app/logs\n      - ./app/application.yml:/opt/document/application.yml:ro\n    ports:\n      - 1590:1590\n    links:\n      - mysql\n      - web\n\n```\n# 其他解决\n将宿主机的时间与本地时间绑定到容器中\n```\ndocker run -v /etc/timezone:/etc/timezone -v /etc/localtime:/etc/localtime -ti centos bash\n```'),(255,'go mod 命令\n\n```\ngo mod tidy\n```\n\n拉取缺少的模块，移除不用的模块。\n\n我常用这个命令。\n```\ngo mod vendor\n```\n将依赖复制到vendor下。\n\n我常用这个命令。\n\n```\ngo mod download\n```\n下载依赖包。\n```\ngo mod verify\n```\n检验依赖。\n```\ngo mod graph\n```\n打印模块依赖图。\n\n\n'),(256,'https://blog.csdn.net/yonggeit/article/details/86519117\n\nhttps://github.com/pkg/errors');
/*!40000 ALTER TABLE `article_content` ENABLE KEYS */;
UNLOCK TABLES;

--
-- Table structure for table `comment`
--

DROP TABLE IF EXISTS `comment`;
/*!40101 SET @saved_cs_client     = @@character_set_client */;
/*!40101 SET character_set_client = utf8 */;
CREATE TABLE `comment` (
  `id` int NOT NULL AUTO_INCREMENT COMMENT 'id (无默认值)',
  `user_ip` varchar(50) CHARACTER SET utf8mb4 COLLATE utf8mb4_unicode_ci NOT NULL DEFAULT '' COMMENT '用户ip (无默认值)',
  `article_id` int NOT NULL DEFAULT '-1' COMMENT '博客id (无默认值)',
  `content` varchar(50) CHARACTER SET utf8mb4 COLLATE utf8mb4_unicode_ci NOT NULL DEFAULT '' COMMENT '评论内容 (无默认值)',
  `comment_date` bigint NOT NULL DEFAULT '-1' COMMENT '评论时间 (无默认值)',
  `status` int NOT NULL DEFAULT '-1' COMMENT '状态 (无默认值)\r\n     * 审核状态  0 待审核 1 审核通过 2 审核未通过',
  PRIMARY KEY (`id`) USING BTREE
) ENGINE=InnoDB DEFAULT CHARSET=utf8mb4 COLLATE=utf8mb4_unicode_ci COMMENT='comment';
/*!40101 SET character_set_client = @saved_cs_client */;

--
-- Dumping data for table `comment`
--

LOCK TABLES `comment` WRITE;
/*!40000 ALTER TABLE `comment` DISABLE KEYS */;
/*!40000 ALTER TABLE `comment` ENABLE KEYS */;
UNLOCK TABLES;

--
-- Table structure for table `link`
--

DROP TABLE IF EXISTS `link`;
/*!40101 SET @saved_cs_client     = @@character_set_client */;
/*!40101 SET character_set_client = utf8 */;
CREATE TABLE `link` (
  `id` int NOT NULL AUTO_INCREMENT,
  `link_name` varchar(255) CHARACTER SET utf8mb4 COLLATE utf8mb4_unicode_ci DEFAULT NULL,
  `link_url` varchar(255) CHARACTER SET utf8mb4 COLLATE utf8mb4_unicode_ci DEFAULT NULL,
  PRIMARY KEY (`id`) USING BTREE
) ENGINE=InnoDB DEFAULT CHARSET=utf8mb4 COLLATE=utf8mb4_unicode_ci;
/*!40101 SET character_set_client = @saved_cs_client */;

--
-- Dumping data for table `link`
--

LOCK TABLES `link` WRITE;
/*!40000 ALTER TABLE `link` DISABLE KEYS */;
/*!40000 ALTER TABLE `link` ENABLE KEYS */;
UNLOCK TABLES;

--
-- Table structure for table `sys_user`
--

DROP TABLE IF EXISTS `sys_user`;
/*!40101 SET @saved_cs_client     = @@character_set_client */;
/*!40101 SET character_set_client = utf8 */;
CREATE TABLE `sys_user` (
  `user_id` bigint NOT NULL AUTO_INCREMENT COMMENT '用户ID',
  `username` varchar(50) CHARACTER SET utf8mb4 COLLATE utf8mb4_unicode_ci NOT NULL COMMENT '用户名',
  `password` varchar(100) CHARACTER SET utf8mb4 COLLATE utf8mb4_unicode_ci DEFAULT NULL COMMENT '密码',
  `status` tinyint(3) unsigned zerofill DEFAULT '000' COMMENT '状态 1：禁用   0：正常',
  `create_time` bigint DEFAULT NULL,
  `update_time` bigint DEFAULT NULL,
  PRIMARY KEY (`user_id`) USING BTREE,
  UNIQUE KEY `username` (`username`) USING BTREE
) ENGINE=InnoDB AUTO_INCREMENT=50 DEFAULT CHARSET=utf8mb4 COLLATE=utf8mb4_unicode_ci COMMENT='系统用户表';
/*!40101 SET character_set_client = @saved_cs_client */;

--
-- Dumping data for table `sys_user`
--

LOCK TABLES `sys_user` WRITE;
/*!40000 ALTER TABLE `sys_user` DISABLE KEYS */;
INSERT INTO `sys_user` VALUES (1,'admin','$2a$10$Xp13rNWLzPkEUd7SbnJ1a.q1lOQEZisndHxSOwxLh/eN5oACS.5oW',001,1590581462,1590666194),(48,'user','$2a$10$YGzXMLuoZ.agxf2.CFAld.dn0r/WHR11y6wQM5xsfoPw79XCtws0a',000,1592672790,1592675534);
/*!40000 ALTER TABLE `sys_user` ENABLE KEYS */;
UNLOCK TABLES;
/*!40103 SET TIME_ZONE=@OLD_TIME_ZONE */;

/*!40101 SET SQL_MODE=@OLD_SQL_MODE */;
/*!40014 SET FOREIGN_KEY_CHECKS=@OLD_FOREIGN_KEY_CHECKS */;
/*!40014 SET UNIQUE_CHECKS=@OLD_UNIQUE_CHECKS */;
/*!40101 SET CHARACTER_SET_CLIENT=@OLD_CHARACTER_SET_CLIENT */;
/*!40101 SET CHARACTER_SET_RESULTS=@OLD_CHARACTER_SET_RESULTS */;
/*!40101 SET COLLATION_CONNECTION=@OLD_COLLATION_CONNECTION */;
/*!40111 SET SQL_NOTES=@OLD_SQL_NOTES */;

-- Dump completed on 2021-09-20  1:30:41
